#
# TABLE STRUCTURE FOR: communities
#

DROP TABLE IF EXISTS `communities`;

CREATE TABLE `communities` (
  `id` int(10) unsigned NOT NULL AUTO_INCREMENT,
  `name` varchar(150) COLLATE utf8_unicode_ci NOT NULL,
  PRIMARY KEY (`id`),
  UNIQUE KEY `name` (`name`)
) ENGINE=InnoDB AUTO_INCREMENT=101 DEFAULT CHARSET=utf8 COLLATE=utf8_unicode_ci;

INSERT INTO `communities` (`id`, `name`) VALUES (86, 'a');
INSERT INTO `communities` (`id`, `name`) VALUES (2, 'accusamus');
INSERT INTO `communities` (`id`, `name`) VALUES (95, 'accusantium');
INSERT INTO `communities` (`id`, `name`) VALUES (76, 'adipisci');
INSERT INTO `communities` (`id`, `name`) VALUES (32, 'alias');
INSERT INTO `communities` (`id`, `name`) VALUES (20, 'aliquam');
INSERT INTO `communities` (`id`, `name`) VALUES (78, 'aperiam');
INSERT INTO `communities` (`id`, `name`) VALUES (69, 'asperiores');
INSERT INTO `communities` (`id`, `name`) VALUES (14, 'aspernatur');
INSERT INTO `communities` (`id`, `name`) VALUES (96, 'assumenda');
INSERT INTO `communities` (`id`, `name`) VALUES (24, 'aut');
INSERT INTO `communities` (`id`, `name`) VALUES (91, 'beatae');
INSERT INTO `communities` (`id`, `name`) VALUES (67, 'consectetur');
INSERT INTO `communities` (`id`, `name`) VALUES (63, 'consequatur');
INSERT INTO `communities` (`id`, `name`) VALUES (92, 'consequuntur');
INSERT INTO `communities` (`id`, `name`) VALUES (30, 'cum');
INSERT INTO `communities` (`id`, `name`) VALUES (4, 'cumque');
INSERT INTO `communities` (`id`, `name`) VALUES (18, 'cupiditate');
INSERT INTO `communities` (`id`, `name`) VALUES (65, 'delectus');
INSERT INTO `communities` (`id`, `name`) VALUES (49, 'dicta');
INSERT INTO `communities` (`id`, `name`) VALUES (62, 'dolor');
INSERT INTO `communities` (`id`, `name`) VALUES (79, 'dolore');
INSERT INTO `communities` (`id`, `name`) VALUES (41, 'dolorem');
INSERT INTO `communities` (`id`, `name`) VALUES (1, 'dolores');
INSERT INTO `communities` (`id`, `name`) VALUES (74, 'dolorum');
INSERT INTO `communities` (`id`, `name`) VALUES (23, 'ducimus');
INSERT INTO `communities` (`id`, `name`) VALUES (40, 'earum');
INSERT INTO `communities` (`id`, `name`) VALUES (99, 'eligendi');
INSERT INTO `communities` (`id`, `name`) VALUES (98, 'enim');
INSERT INTO `communities` (`id`, `name`) VALUES (36, 'eos');
INSERT INTO `communities` (`id`, `name`) VALUES (27, 'et');
INSERT INTO `communities` (`id`, `name`) VALUES (25, 'eum');
INSERT INTO `communities` (`id`, `name`) VALUES (47, 'excepturi');
INSERT INTO `communities` (`id`, `name`) VALUES (73, 'expedita');
INSERT INTO `communities` (`id`, `name`) VALUES (5, 'facere');
INSERT INTO `communities` (`id`, `name`) VALUES (3, 'facilis');
INSERT INTO `communities` (`id`, `name`) VALUES (90, 'fuga');
INSERT INTO `communities` (`id`, `name`) VALUES (81, 'fugiat');
INSERT INTO `communities` (`id`, `name`) VALUES (87, 'fugit');
INSERT INTO `communities` (`id`, `name`) VALUES (29, 'hic');
INSERT INTO `communities` (`id`, `name`) VALUES (55, 'id');
INSERT INTO `communities` (`id`, `name`) VALUES (51, 'impedit');
INSERT INTO `communities` (`id`, `name`) VALUES (48, 'ipsum');
INSERT INTO `communities` (`id`, `name`) VALUES (53, 'iure');
INSERT INTO `communities` (`id`, `name`) VALUES (37, 'magnam');
INSERT INTO `communities` (`id`, `name`) VALUES (80, 'maiores');
INSERT INTO `communities` (`id`, `name`) VALUES (57, 'maxime');
INSERT INTO `communities` (`id`, `name`) VALUES (88, 'minima');
INSERT INTO `communities` (`id`, `name`) VALUES (28, 'molestiae');
INSERT INTO `communities` (`id`, `name`) VALUES (44, 'natus');
INSERT INTO `communities` (`id`, `name`) VALUES (52, 'necessitatibus');
INSERT INTO `communities` (`id`, `name`) VALUES (54, 'nesciunt');
INSERT INTO `communities` (`id`, `name`) VALUES (21, 'non');
INSERT INTO `communities` (`id`, `name`) VALUES (33, 'nostrum');
INSERT INTO `communities` (`id`, `name`) VALUES (56, 'occaecati');
INSERT INTO `communities` (`id`, `name`) VALUES (75, 'officiis');
INSERT INTO `communities` (`id`, `name`) VALUES (64, 'omnis');
INSERT INTO `communities` (`id`, `name`) VALUES (85, 'optio');
INSERT INTO `communities` (`id`, `name`) VALUES (9, 'pariatur');
INSERT INTO `communities` (`id`, `name`) VALUES (43, 'perferendis');
INSERT INTO `communities` (`id`, `name`) VALUES (77, 'possimus');
INSERT INTO `communities` (`id`, `name`) VALUES (19, 'praesentium');
INSERT INTO `communities` (`id`, `name`) VALUES (26, 'provident');
INSERT INTO `communities` (`id`, `name`) VALUES (84, 'quaerat');
INSERT INTO `communities` (`id`, `name`) VALUES (22, 'quam');
INSERT INTO `communities` (`id`, `name`) VALUES (70, 'quas');
INSERT INTO `communities` (`id`, `name`) VALUES (15, 'qui');
INSERT INTO `communities` (`id`, `name`) VALUES (31, 'quia');
INSERT INTO `communities` (`id`, `name`) VALUES (38, 'quis');
INSERT INTO `communities` (`id`, `name`) VALUES (66, 'quisquam');
INSERT INTO `communities` (`id`, `name`) VALUES (71, 'quo');
INSERT INTO `communities` (`id`, `name`) VALUES (82, 'quos');
INSERT INTO `communities` (`id`, `name`) VALUES (17, 'ratione');
INSERT INTO `communities` (`id`, `name`) VALUES (94, 'recusandae');
INSERT INTO `communities` (`id`, `name`) VALUES (11, 'repellendus');
INSERT INTO `communities` (`id`, `name`) VALUES (83, 'reprehenderit');
INSERT INTO `communities` (`id`, `name`) VALUES (13, 'rerum');
INSERT INTO `communities` (`id`, `name`) VALUES (68, 'saepe');
INSERT INTO `communities` (`id`, `name`) VALUES (93, 'sapiente');
INSERT INTO `communities` (`id`, `name`) VALUES (61, 'sed');
INSERT INTO `communities` (`id`, `name`) VALUES (34, 'sequi');
INSERT INTO `communities` (`id`, `name`) VALUES (97, 'similique');
INSERT INTO `communities` (`id`, `name`) VALUES (50, 'sint');
INSERT INTO `communities` (`id`, `name`) VALUES (72, 'sit');
INSERT INTO `communities` (`id`, `name`) VALUES (39, 'sunt');
INSERT INTO `communities` (`id`, `name`) VALUES (89, 'suscipit');
INSERT INTO `communities` (`id`, `name`) VALUES (42, 'tempora');
INSERT INTO `communities` (`id`, `name`) VALUES (8, 'tempore');
INSERT INTO `communities` (`id`, `name`) VALUES (10, 'temporibus');
INSERT INTO `communities` (`id`, `name`) VALUES (35, 'tenetur');
INSERT INTO `communities` (`id`, `name`) VALUES (7, 'totam');
INSERT INTO `communities` (`id`, `name`) VALUES (58, 'unde');
INSERT INTO `communities` (`id`, `name`) VALUES (6, 'ut');
INSERT INTO `communities` (`id`, `name`) VALUES (45, 'vel');
INSERT INTO `communities` (`id`, `name`) VALUES (12, 'velit');
INSERT INTO `communities` (`id`, `name`) VALUES (59, 'veniam');
INSERT INTO `communities` (`id`, `name`) VALUES (46, 'voluptas');
INSERT INTO `communities` (`id`, `name`) VALUES (16, 'voluptatem');
INSERT INTO `communities` (`id`, `name`) VALUES (100, 'voluptatibus');
INSERT INTO `communities` (`id`, `name`) VALUES (60, 'voluptatum');


#
# TABLE STRUCTURE FOR: communities_user
#

DROP TABLE IF EXISTS `communities_user`;

CREATE TABLE `communities_user` (
  `community_id` int(10) unsigned NOT NULL,
  `user_id` int(10) unsigned NOT NULL,
  PRIMARY KEY (`community_id`,`user_id`)
) ENGINE=InnoDB DEFAULT CHARSET=utf8 COLLATE=utf8_unicode_ci;

INSERT INTO `communities_user` (`community_id`, `user_id`) VALUES (1, 76);
INSERT INTO `communities_user` (`community_id`, `user_id`) VALUES (2, 46);
INSERT INTO `communities_user` (`community_id`, `user_id`) VALUES (3, 25);
INSERT INTO `communities_user` (`community_id`, `user_id`) VALUES (4, 23);
INSERT INTO `communities_user` (`community_id`, `user_id`) VALUES (5, 9);
INSERT INTO `communities_user` (`community_id`, `user_id`) VALUES (6, 80);
INSERT INTO `communities_user` (`community_id`, `user_id`) VALUES (7, 69);
INSERT INTO `communities_user` (`community_id`, `user_id`) VALUES (8, 44);
INSERT INTO `communities_user` (`community_id`, `user_id`) VALUES (9, 81);
INSERT INTO `communities_user` (`community_id`, `user_id`) VALUES (10, 80);
INSERT INTO `communities_user` (`community_id`, `user_id`) VALUES (11, 60);
INSERT INTO `communities_user` (`community_id`, `user_id`) VALUES (12, 64);
INSERT INTO `communities_user` (`community_id`, `user_id`) VALUES (13, 4);
INSERT INTO `communities_user` (`community_id`, `user_id`) VALUES (14, 22);
INSERT INTO `communities_user` (`community_id`, `user_id`) VALUES (15, 58);
INSERT INTO `communities_user` (`community_id`, `user_id`) VALUES (16, 39);
INSERT INTO `communities_user` (`community_id`, `user_id`) VALUES (17, 22);
INSERT INTO `communities_user` (`community_id`, `user_id`) VALUES (18, 15);
INSERT INTO `communities_user` (`community_id`, `user_id`) VALUES (19, 50);
INSERT INTO `communities_user` (`community_id`, `user_id`) VALUES (20, 55);
INSERT INTO `communities_user` (`community_id`, `user_id`) VALUES (21, 47);
INSERT INTO `communities_user` (`community_id`, `user_id`) VALUES (22, 84);
INSERT INTO `communities_user` (`community_id`, `user_id`) VALUES (23, 81);
INSERT INTO `communities_user` (`community_id`, `user_id`) VALUES (24, 29);
INSERT INTO `communities_user` (`community_id`, `user_id`) VALUES (25, 100);
INSERT INTO `communities_user` (`community_id`, `user_id`) VALUES (26, 31);
INSERT INTO `communities_user` (`community_id`, `user_id`) VALUES (27, 66);
INSERT INTO `communities_user` (`community_id`, `user_id`) VALUES (28, 36);
INSERT INTO `communities_user` (`community_id`, `user_id`) VALUES (29, 10);
INSERT INTO `communities_user` (`community_id`, `user_id`) VALUES (30, 98);
INSERT INTO `communities_user` (`community_id`, `user_id`) VALUES (31, 21);
INSERT INTO `communities_user` (`community_id`, `user_id`) VALUES (32, 54);
INSERT INTO `communities_user` (`community_id`, `user_id`) VALUES (33, 32);
INSERT INTO `communities_user` (`community_id`, `user_id`) VALUES (34, 22);
INSERT INTO `communities_user` (`community_id`, `user_id`) VALUES (35, 36);
INSERT INTO `communities_user` (`community_id`, `user_id`) VALUES (36, 7);
INSERT INTO `communities_user` (`community_id`, `user_id`) VALUES (37, 74);
INSERT INTO `communities_user` (`community_id`, `user_id`) VALUES (38, 22);
INSERT INTO `communities_user` (`community_id`, `user_id`) VALUES (39, 89);
INSERT INTO `communities_user` (`community_id`, `user_id`) VALUES (40, 1);
INSERT INTO `communities_user` (`community_id`, `user_id`) VALUES (41, 81);
INSERT INTO `communities_user` (`community_id`, `user_id`) VALUES (42, 60);
INSERT INTO `communities_user` (`community_id`, `user_id`) VALUES (43, 54);
INSERT INTO `communities_user` (`community_id`, `user_id`) VALUES (44, 86);
INSERT INTO `communities_user` (`community_id`, `user_id`) VALUES (45, 27);
INSERT INTO `communities_user` (`community_id`, `user_id`) VALUES (46, 86);
INSERT INTO `communities_user` (`community_id`, `user_id`) VALUES (47, 34);
INSERT INTO `communities_user` (`community_id`, `user_id`) VALUES (48, 93);
INSERT INTO `communities_user` (`community_id`, `user_id`) VALUES (49, 79);
INSERT INTO `communities_user` (`community_id`, `user_id`) VALUES (50, 47);
INSERT INTO `communities_user` (`community_id`, `user_id`) VALUES (51, 7);
INSERT INTO `communities_user` (`community_id`, `user_id`) VALUES (52, 51);
INSERT INTO `communities_user` (`community_id`, `user_id`) VALUES (53, 86);
INSERT INTO `communities_user` (`community_id`, `user_id`) VALUES (54, 68);
INSERT INTO `communities_user` (`community_id`, `user_id`) VALUES (55, 39);
INSERT INTO `communities_user` (`community_id`, `user_id`) VALUES (56, 42);
INSERT INTO `communities_user` (`community_id`, `user_id`) VALUES (57, 63);
INSERT INTO `communities_user` (`community_id`, `user_id`) VALUES (58, 56);
INSERT INTO `communities_user` (`community_id`, `user_id`) VALUES (59, 10);
INSERT INTO `communities_user` (`community_id`, `user_id`) VALUES (60, 50);
INSERT INTO `communities_user` (`community_id`, `user_id`) VALUES (61, 86);
INSERT INTO `communities_user` (`community_id`, `user_id`) VALUES (62, 25);
INSERT INTO `communities_user` (`community_id`, `user_id`) VALUES (63, 99);
INSERT INTO `communities_user` (`community_id`, `user_id`) VALUES (64, 53);
INSERT INTO `communities_user` (`community_id`, `user_id`) VALUES (65, 89);
INSERT INTO `communities_user` (`community_id`, `user_id`) VALUES (66, 50);
INSERT INTO `communities_user` (`community_id`, `user_id`) VALUES (67, 41);
INSERT INTO `communities_user` (`community_id`, `user_id`) VALUES (68, 23);
INSERT INTO `communities_user` (`community_id`, `user_id`) VALUES (69, 49);
INSERT INTO `communities_user` (`community_id`, `user_id`) VALUES (70, 3);
INSERT INTO `communities_user` (`community_id`, `user_id`) VALUES (71, 33);
INSERT INTO `communities_user` (`community_id`, `user_id`) VALUES (72, 89);
INSERT INTO `communities_user` (`community_id`, `user_id`) VALUES (73, 4);
INSERT INTO `communities_user` (`community_id`, `user_id`) VALUES (74, 35);
INSERT INTO `communities_user` (`community_id`, `user_id`) VALUES (75, 3);
INSERT INTO `communities_user` (`community_id`, `user_id`) VALUES (76, 47);
INSERT INTO `communities_user` (`community_id`, `user_id`) VALUES (77, 52);
INSERT INTO `communities_user` (`community_id`, `user_id`) VALUES (78, 71);
INSERT INTO `communities_user` (`community_id`, `user_id`) VALUES (79, 91);
INSERT INTO `communities_user` (`community_id`, `user_id`) VALUES (80, 98);
INSERT INTO `communities_user` (`community_id`, `user_id`) VALUES (81, 31);
INSERT INTO `communities_user` (`community_id`, `user_id`) VALUES (82, 92);
INSERT INTO `communities_user` (`community_id`, `user_id`) VALUES (83, 100);
INSERT INTO `communities_user` (`community_id`, `user_id`) VALUES (84, 16);
INSERT INTO `communities_user` (`community_id`, `user_id`) VALUES (85, 72);
INSERT INTO `communities_user` (`community_id`, `user_id`) VALUES (86, 41);
INSERT INTO `communities_user` (`community_id`, `user_id`) VALUES (87, 79);
INSERT INTO `communities_user` (`community_id`, `user_id`) VALUES (88, 67);
INSERT INTO `communities_user` (`community_id`, `user_id`) VALUES (89, 51);
INSERT INTO `communities_user` (`community_id`, `user_id`) VALUES (90, 92);
INSERT INTO `communities_user` (`community_id`, `user_id`) VALUES (91, 89);
INSERT INTO `communities_user` (`community_id`, `user_id`) VALUES (92, 14);
INSERT INTO `communities_user` (`community_id`, `user_id`) VALUES (93, 39);
INSERT INTO `communities_user` (`community_id`, `user_id`) VALUES (94, 78);
INSERT INTO `communities_user` (`community_id`, `user_id`) VALUES (95, 87);
INSERT INTO `communities_user` (`community_id`, `user_id`) VALUES (96, 71);
INSERT INTO `communities_user` (`community_id`, `user_id`) VALUES (97, 92);
INSERT INTO `communities_user` (`community_id`, `user_id`) VALUES (98, 62);
INSERT INTO `communities_user` (`community_id`, `user_id`) VALUES (99, 67);
INSERT INTO `communities_user` (`community_id`, `user_id`) VALUES (100, 64);


#
# TABLE STRUCTURE FOR: friendship
#

DROP TABLE IF EXISTS `friendship`;

CREATE TABLE `friendship` (
  `user_id` int(10) unsigned NOT NULL,
  `friend_id` int(10) unsigned NOT NULL,
  `status` varchar(20) COLLATE utf8_unicode_ci NOT NULL,
  `requested_at` datetime DEFAULT current_timestamp(),
  `confirmed_at` datetime DEFAULT NULL,
  PRIMARY KEY (`user_id`,`friend_id`)
) ENGINE=InnoDB DEFAULT CHARSET=utf8 COLLATE=utf8_unicode_ci;

INSERT INTO `friendship` (`user_id`, `friend_id`, `status`, `requested_at`, `confirmed_at`) VALUES (1, 57, '', '1989-09-10 15:31:41', '1979-12-09 16:23:58');
INSERT INTO `friendship` (`user_id`, `friend_id`, `status`, `requested_at`, `confirmed_at`) VALUES (2, 54, '', '1976-09-04 15:33:18', '2011-09-29 02:13:25');
INSERT INTO `friendship` (`user_id`, `friend_id`, `status`, `requested_at`, `confirmed_at`) VALUES (3, 81, '1', '2009-07-01 02:24:57', '1970-06-03 08:14:37');
INSERT INTO `friendship` (`user_id`, `friend_id`, `status`, `requested_at`, `confirmed_at`) VALUES (4, 58, '1', '1984-09-10 14:48:53', '1997-08-22 15:32:45');
INSERT INTO `friendship` (`user_id`, `friend_id`, `status`, `requested_at`, `confirmed_at`) VALUES (5, 40, '1', '2012-09-19 03:57:09', '1973-05-29 12:46:44');
INSERT INTO `friendship` (`user_id`, `friend_id`, `status`, `requested_at`, `confirmed_at`) VALUES (6, 13, '1', '1978-10-18 00:09:27', '1979-03-10 03:18:31');
INSERT INTO `friendship` (`user_id`, `friend_id`, `status`, `requested_at`, `confirmed_at`) VALUES (7, 36, '', '2012-12-07 04:41:45', '1978-08-28 20:43:17');
INSERT INTO `friendship` (`user_id`, `friend_id`, `status`, `requested_at`, `confirmed_at`) VALUES (8, 38, '', '1984-01-23 20:35:49', '2006-11-21 01:05:57');
INSERT INTO `friendship` (`user_id`, `friend_id`, `status`, `requested_at`, `confirmed_at`) VALUES (9, 84, '1', '2007-11-23 05:10:03', '1985-09-01 06:22:42');
INSERT INTO `friendship` (`user_id`, `friend_id`, `status`, `requested_at`, `confirmed_at`) VALUES (10, 5, '1', '1987-11-21 12:09:29', '1987-06-17 16:39:43');
INSERT INTO `friendship` (`user_id`, `friend_id`, `status`, `requested_at`, `confirmed_at`) VALUES (11, 89, '1', '1994-06-27 18:13:29', '1986-07-08 07:09:16');
INSERT INTO `friendship` (`user_id`, `friend_id`, `status`, `requested_at`, `confirmed_at`) VALUES (12, 11, '', '2019-01-14 14:22:47', '2005-07-02 16:57:30');
INSERT INTO `friendship` (`user_id`, `friend_id`, `status`, `requested_at`, `confirmed_at`) VALUES (13, 19, '', '1979-07-10 18:23:54', '1976-08-28 06:03:54');
INSERT INTO `friendship` (`user_id`, `friend_id`, `status`, `requested_at`, `confirmed_at`) VALUES (14, 82, '', '2003-09-09 19:13:41', '1987-12-06 22:25:56');
INSERT INTO `friendship` (`user_id`, `friend_id`, `status`, `requested_at`, `confirmed_at`) VALUES (15, 64, '', '1989-01-10 12:03:23', '1998-07-28 08:31:34');
INSERT INTO `friendship` (`user_id`, `friend_id`, `status`, `requested_at`, `confirmed_at`) VALUES (16, 67, '', '2002-05-16 17:28:07', '1972-11-25 07:01:20');
INSERT INTO `friendship` (`user_id`, `friend_id`, `status`, `requested_at`, `confirmed_at`) VALUES (17, 79, '', '2013-04-27 12:34:59', '1988-02-09 17:57:11');
INSERT INTO `friendship` (`user_id`, `friend_id`, `status`, `requested_at`, `confirmed_at`) VALUES (18, 75, '', '1985-06-23 02:47:41', '1994-07-11 13:10:04');
INSERT INTO `friendship` (`user_id`, `friend_id`, `status`, `requested_at`, `confirmed_at`) VALUES (19, 34, '1', '2009-07-28 06:57:04', '2004-06-18 10:14:37');
INSERT INTO `friendship` (`user_id`, `friend_id`, `status`, `requested_at`, `confirmed_at`) VALUES (20, 29, '', '2004-05-27 20:19:44', '2004-11-10 04:00:53');
INSERT INTO `friendship` (`user_id`, `friend_id`, `status`, `requested_at`, `confirmed_at`) VALUES (21, 17, '1', '2006-01-18 12:40:49', '2007-06-26 17:10:47');
INSERT INTO `friendship` (`user_id`, `friend_id`, `status`, `requested_at`, `confirmed_at`) VALUES (22, 4, '', '2004-02-14 03:08:33', '2010-04-08 05:06:20');
INSERT INTO `friendship` (`user_id`, `friend_id`, `status`, `requested_at`, `confirmed_at`) VALUES (23, 92, '1', '1974-11-10 00:12:42', '1995-01-02 17:10:05');
INSERT INTO `friendship` (`user_id`, `friend_id`, `status`, `requested_at`, `confirmed_at`) VALUES (24, 21, '', '1998-06-04 16:30:54', '2000-01-22 20:21:22');
INSERT INTO `friendship` (`user_id`, `friend_id`, `status`, `requested_at`, `confirmed_at`) VALUES (25, 56, '', '1987-01-03 08:21:52', '1973-03-14 23:48:08');
INSERT INTO `friendship` (`user_id`, `friend_id`, `status`, `requested_at`, `confirmed_at`) VALUES (26, 12, '1', '2000-11-14 07:55:34', '2009-11-04 04:25:06');
INSERT INTO `friendship` (`user_id`, `friend_id`, `status`, `requested_at`, `confirmed_at`) VALUES (27, 42, '', '1970-01-24 19:25:32', '1988-02-04 06:46:29');
INSERT INTO `friendship` (`user_id`, `friend_id`, `status`, `requested_at`, `confirmed_at`) VALUES (28, 26, '1', '1989-01-17 10:09:21', '2004-10-15 15:38:56');
INSERT INTO `friendship` (`user_id`, `friend_id`, `status`, `requested_at`, `confirmed_at`) VALUES (29, 71, '1', '1976-11-19 04:51:25', '2016-06-30 23:39:03');
INSERT INTO `friendship` (`user_id`, `friend_id`, `status`, `requested_at`, `confirmed_at`) VALUES (30, 8, '1', '2009-09-27 05:04:08', '1998-03-16 21:08:29');
INSERT INTO `friendship` (`user_id`, `friend_id`, `status`, `requested_at`, `confirmed_at`) VALUES (31, 10, '', '2015-02-15 08:01:01', '2008-06-05 19:40:53');
INSERT INTO `friendship` (`user_id`, `friend_id`, `status`, `requested_at`, `confirmed_at`) VALUES (32, 32, '1', '2012-11-05 22:57:13', '2007-01-23 13:48:24');
INSERT INTO `friendship` (`user_id`, `friend_id`, `status`, `requested_at`, `confirmed_at`) VALUES (33, 15, '1', '1989-09-06 07:00:45', '2003-08-24 13:07:20');
INSERT INTO `friendship` (`user_id`, `friend_id`, `status`, `requested_at`, `confirmed_at`) VALUES (34, 98, '', '2015-02-20 05:53:26', '1989-12-19 02:37:26');
INSERT INTO `friendship` (`user_id`, `friend_id`, `status`, `requested_at`, `confirmed_at`) VALUES (35, 2, '1', '1994-09-30 20:32:12', '1983-11-11 17:50:14');
INSERT INTO `friendship` (`user_id`, `friend_id`, `status`, `requested_at`, `confirmed_at`) VALUES (36, 94, '1', '2007-03-31 16:01:45', '2017-12-14 21:46:02');
INSERT INTO `friendship` (`user_id`, `friend_id`, `status`, `requested_at`, `confirmed_at`) VALUES (37, 96, '1', '2007-06-12 23:57:51', '2000-08-05 21:09:25');
INSERT INTO `friendship` (`user_id`, `friend_id`, `status`, `requested_at`, `confirmed_at`) VALUES (38, 95, '', '1984-07-12 23:28:59', '2012-04-02 04:39:17');
INSERT INTO `friendship` (`user_id`, `friend_id`, `status`, `requested_at`, `confirmed_at`) VALUES (39, 6, '1', '2011-04-21 17:58:40', '1991-10-13 21:00:12');
INSERT INTO `friendship` (`user_id`, `friend_id`, `status`, `requested_at`, `confirmed_at`) VALUES (40, 20, '1', '2005-03-11 19:51:46', '2013-08-03 17:05:48');
INSERT INTO `friendship` (`user_id`, `friend_id`, `status`, `requested_at`, `confirmed_at`) VALUES (41, 74, '1', '1978-04-17 07:21:31', '1985-07-11 07:24:32');
INSERT INTO `friendship` (`user_id`, `friend_id`, `status`, `requested_at`, `confirmed_at`) VALUES (42, 53, '', '1984-05-17 22:38:59', '1986-02-27 08:45:39');
INSERT INTO `friendship` (`user_id`, `friend_id`, `status`, `requested_at`, `confirmed_at`) VALUES (43, 63, '1', '1994-03-01 16:27:11', '2007-09-18 00:33:27');
INSERT INTO `friendship` (`user_id`, `friend_id`, `status`, `requested_at`, `confirmed_at`) VALUES (44, 77, '', '1998-04-02 14:31:29', '1984-10-14 04:15:07');
INSERT INTO `friendship` (`user_id`, `friend_id`, `status`, `requested_at`, `confirmed_at`) VALUES (45, 70, '1', '2016-03-19 02:01:26', '2011-09-28 20:42:34');
INSERT INTO `friendship` (`user_id`, `friend_id`, `status`, `requested_at`, `confirmed_at`) VALUES (46, 16, '1', '1982-10-23 02:42:43', '1997-06-13 02:53:02');
INSERT INTO `friendship` (`user_id`, `friend_id`, `status`, `requested_at`, `confirmed_at`) VALUES (47, 85, '1', '1971-07-31 10:17:11', '1979-12-08 03:15:29');
INSERT INTO `friendship` (`user_id`, `friend_id`, `status`, `requested_at`, `confirmed_at`) VALUES (48, 61, '', '1988-04-27 17:38:23', '1988-09-05 19:16:56');
INSERT INTO `friendship` (`user_id`, `friend_id`, `status`, `requested_at`, `confirmed_at`) VALUES (49, 37, '1', '1996-04-30 19:54:35', '2016-04-22 20:04:40');
INSERT INTO `friendship` (`user_id`, `friend_id`, `status`, `requested_at`, `confirmed_at`) VALUES (50, 30, '1', '2013-04-16 17:59:29', '2011-11-12 11:14:46');
INSERT INTO `friendship` (`user_id`, `friend_id`, `status`, `requested_at`, `confirmed_at`) VALUES (51, 90, '', '2012-10-10 01:18:16', '1991-03-13 23:12:31');
INSERT INTO `friendship` (`user_id`, `friend_id`, `status`, `requested_at`, `confirmed_at`) VALUES (52, 39, '1', '1973-05-13 00:15:55', '2019-07-03 11:45:43');
INSERT INTO `friendship` (`user_id`, `friend_id`, `status`, `requested_at`, `confirmed_at`) VALUES (53, 14, '', '2013-05-01 16:02:08', '2011-03-24 05:48:02');
INSERT INTO `friendship` (`user_id`, `friend_id`, `status`, `requested_at`, `confirmed_at`) VALUES (54, 93, '1', '2008-05-08 21:47:41', '1993-02-16 10:06:09');
INSERT INTO `friendship` (`user_id`, `friend_id`, `status`, `requested_at`, `confirmed_at`) VALUES (55, 68, '', '2011-02-23 19:49:52', '1984-11-23 01:27:33');
INSERT INTO `friendship` (`user_id`, `friend_id`, `status`, `requested_at`, `confirmed_at`) VALUES (56, 22, '1', '1999-05-06 06:50:19', '1973-06-06 13:46:46');
INSERT INTO `friendship` (`user_id`, `friend_id`, `status`, `requested_at`, `confirmed_at`) VALUES (57, 46, '', '2009-02-03 07:25:46', '2008-07-02 12:49:48');
INSERT INTO `friendship` (`user_id`, `friend_id`, `status`, `requested_at`, `confirmed_at`) VALUES (58, 23, '', '2011-12-28 00:28:18', '1974-09-06 08:24:18');
INSERT INTO `friendship` (`user_id`, `friend_id`, `status`, `requested_at`, `confirmed_at`) VALUES (59, 88, '', '1989-09-25 10:58:41', '1985-09-08 05:39:01');
INSERT INTO `friendship` (`user_id`, `friend_id`, `status`, `requested_at`, `confirmed_at`) VALUES (60, 55, '1', '1983-10-07 15:07:06', '1992-06-19 00:56:52');
INSERT INTO `friendship` (`user_id`, `friend_id`, `status`, `requested_at`, `confirmed_at`) VALUES (61, 78, '1', '2014-01-12 18:08:55', '1992-10-17 12:44:36');
INSERT INTO `friendship` (`user_id`, `friend_id`, `status`, `requested_at`, `confirmed_at`) VALUES (62, 35, '1', '1989-03-16 11:49:17', '1993-05-24 06:38:03');
INSERT INTO `friendship` (`user_id`, `friend_id`, `status`, `requested_at`, `confirmed_at`) VALUES (63, 44, '', '2012-07-25 12:11:44', '2017-06-23 08:15:15');
INSERT INTO `friendship` (`user_id`, `friend_id`, `status`, `requested_at`, `confirmed_at`) VALUES (64, 27, '1', '1979-12-17 04:29:09', '1997-07-03 22:53:10');
INSERT INTO `friendship` (`user_id`, `friend_id`, `status`, `requested_at`, `confirmed_at`) VALUES (65, 33, '1', '2005-02-15 14:31:18', '1975-03-26 12:05:17');
INSERT INTO `friendship` (`user_id`, `friend_id`, `status`, `requested_at`, `confirmed_at`) VALUES (66, 43, '', '1982-08-21 01:27:57', '1993-01-27 22:40:35');
INSERT INTO `friendship` (`user_id`, `friend_id`, `status`, `requested_at`, `confirmed_at`) VALUES (67, 49, '1', '1991-02-14 01:18:00', '1985-12-24 11:51:21');
INSERT INTO `friendship` (`user_id`, `friend_id`, `status`, `requested_at`, `confirmed_at`) VALUES (68, 1, '', '2009-05-08 04:52:38', '2018-10-02 08:47:56');
INSERT INTO `friendship` (`user_id`, `friend_id`, `status`, `requested_at`, `confirmed_at`) VALUES (69, 72, '', '2000-10-25 22:46:56', '1982-06-15 23:08:26');
INSERT INTO `friendship` (`user_id`, `friend_id`, `status`, `requested_at`, `confirmed_at`) VALUES (70, 3, '1', '2003-09-25 00:21:00', '1999-08-01 21:38:59');
INSERT INTO `friendship` (`user_id`, `friend_id`, `status`, `requested_at`, `confirmed_at`) VALUES (71, 51, '', '2000-06-29 00:07:01', '2019-03-22 11:42:02');
INSERT INTO `friendship` (`user_id`, `friend_id`, `status`, `requested_at`, `confirmed_at`) VALUES (72, 9, '1', '2019-02-11 21:19:04', '1972-02-24 17:57:06');
INSERT INTO `friendship` (`user_id`, `friend_id`, `status`, `requested_at`, `confirmed_at`) VALUES (73, 62, '', '2013-04-16 10:26:55', '1973-04-07 02:10:15');
INSERT INTO `friendship` (`user_id`, `friend_id`, `status`, `requested_at`, `confirmed_at`) VALUES (74, 31, '', '2013-01-08 05:16:01', '1979-02-13 04:25:06');
INSERT INTO `friendship` (`user_id`, `friend_id`, `status`, `requested_at`, `confirmed_at`) VALUES (75, 28, '1', '2014-03-02 06:49:42', '1985-01-30 00:54:34');
INSERT INTO `friendship` (`user_id`, `friend_id`, `status`, `requested_at`, `confirmed_at`) VALUES (76, 45, '', '1982-04-16 10:08:36', '1985-02-04 14:12:10');
INSERT INTO `friendship` (`user_id`, `friend_id`, `status`, `requested_at`, `confirmed_at`) VALUES (77, 66, '1', '2009-06-03 20:37:11', '2006-08-29 23:05:13');
INSERT INTO `friendship` (`user_id`, `friend_id`, `status`, `requested_at`, `confirmed_at`) VALUES (78, 87, '', '1973-04-06 20:26:46', '2015-05-03 12:29:03');
INSERT INTO `friendship` (`user_id`, `friend_id`, `status`, `requested_at`, `confirmed_at`) VALUES (79, 100, '', '2017-07-09 14:10:55', '2018-05-26 01:02:09');
INSERT INTO `friendship` (`user_id`, `friend_id`, `status`, `requested_at`, `confirmed_at`) VALUES (80, 52, '1', '1987-04-01 04:13:47', '1996-07-01 05:04:49');
INSERT INTO `friendship` (`user_id`, `friend_id`, `status`, `requested_at`, `confirmed_at`) VALUES (81, 69, '1', '1970-03-02 16:53:04', '1987-04-03 18:40:37');
INSERT INTO `friendship` (`user_id`, `friend_id`, `status`, `requested_at`, `confirmed_at`) VALUES (82, 76, '', '1971-07-05 22:31:32', '1985-12-26 19:52:48');
INSERT INTO `friendship` (`user_id`, `friend_id`, `status`, `requested_at`, `confirmed_at`) VALUES (83, 99, '', '1989-02-11 18:20:46', '1995-10-14 23:36:34');
INSERT INTO `friendship` (`user_id`, `friend_id`, `status`, `requested_at`, `confirmed_at`) VALUES (84, 47, '', '1974-02-23 00:58:54', '1990-01-13 19:11:50');
INSERT INTO `friendship` (`user_id`, `friend_id`, `status`, `requested_at`, `confirmed_at`) VALUES (85, 18, '', '1992-04-29 14:58:17', '1999-11-29 17:32:04');
INSERT INTO `friendship` (`user_id`, `friend_id`, `status`, `requested_at`, `confirmed_at`) VALUES (86, 73, '', '2001-07-28 21:54:34', '1972-04-06 10:11:24');
INSERT INTO `friendship` (`user_id`, `friend_id`, `status`, `requested_at`, `confirmed_at`) VALUES (87, 91, '1', '1993-04-18 09:16:10', '2019-04-03 08:10:24');
INSERT INTO `friendship` (`user_id`, `friend_id`, `status`, `requested_at`, `confirmed_at`) VALUES (88, 97, '1', '2013-01-09 19:28:30', '1994-07-10 10:16:42');
INSERT INTO `friendship` (`user_id`, `friend_id`, `status`, `requested_at`, `confirmed_at`) VALUES (89, 48, '1', '2018-07-25 04:11:06', '1972-02-01 13:36:12');
INSERT INTO `friendship` (`user_id`, `friend_id`, `status`, `requested_at`, `confirmed_at`) VALUES (90, 80, '1', '1983-01-13 02:10:59', '1987-05-09 13:41:24');
INSERT INTO `friendship` (`user_id`, `friend_id`, `status`, `requested_at`, `confirmed_at`) VALUES (91, 60, '', '2015-11-25 04:55:03', '2006-09-12 20:16:42');
INSERT INTO `friendship` (`user_id`, `friend_id`, `status`, `requested_at`, `confirmed_at`) VALUES (92, 24, '', '2016-02-26 12:32:24', '2003-06-18 07:05:46');
INSERT INTO `friendship` (`user_id`, `friend_id`, `status`, `requested_at`, `confirmed_at`) VALUES (93, 86, '1', '2015-09-29 16:05:21', '1975-04-28 07:13:42');
INSERT INTO `friendship` (`user_id`, `friend_id`, `status`, `requested_at`, `confirmed_at`) VALUES (94, 25, '1', '2007-03-21 14:47:01', '2012-07-15 20:25:46');
INSERT INTO `friendship` (`user_id`, `friend_id`, `status`, `requested_at`, `confirmed_at`) VALUES (95, 7, '1', '1974-09-02 00:49:24', '1981-08-29 23:36:35');
INSERT INTO `friendship` (`user_id`, `friend_id`, `status`, `requested_at`, `confirmed_at`) VALUES (96, 41, '1', '2014-06-12 17:38:52', '2006-08-30 22:37:16');
INSERT INTO `friendship` (`user_id`, `friend_id`, `status`, `requested_at`, `confirmed_at`) VALUES (97, 83, '', '2016-02-08 06:39:11', '2016-12-21 14:18:39');
INSERT INTO `friendship` (`user_id`, `friend_id`, `status`, `requested_at`, `confirmed_at`) VALUES (98, 65, '1', '1984-02-05 04:23:06', '1975-06-29 13:13:56');
INSERT INTO `friendship` (`user_id`, `friend_id`, `status`, `requested_at`, `confirmed_at`) VALUES (99, 59, '', '1972-05-09 13:16:01', '1989-02-11 00:07:45');
INSERT INTO `friendship` (`user_id`, `friend_id`, `status`, `requested_at`, `confirmed_at`) VALUES (100, 50, '1', '2009-06-17 13:12:42', '1994-02-24 01:57:32');


#
# TABLE STRUCTURE FOR: messages
#

DROP TABLE IF EXISTS `messages`;

CREATE TABLE `messages` (
  `from_user_id` int(10) unsigned NOT NULL,
  `to_user_id` int(10) unsigned NOT NULL,
  `body` text COLLATE utf8_unicode_ci NOT NULL,
  `important` tinyint(1) DEFAULT NULL,
  `delivered` tinyint(1) DEFAULT NULL,
  `created_at` datetime NOT NULL DEFAULT current_timestamp(),
  PRIMARY KEY (`from_user_id`,`created_at`)
) ENGINE=InnoDB DEFAULT CHARSET=utf8 COLLATE=utf8_unicode_ci;

INSERT INTO `messages` (`from_user_id`, `to_user_id`, `body`, `important`, `delivered`, `created_at`) VALUES (1, 60, 'Non quia dolores modi. Qui id rem debitis voluptatibus. Cumque eius accusamus porro magnam aperiam voluptates ratione fugit. Consectetur magni facilis eligendi beatae maxime quia expedita sit. Iste assumenda qui eius.', 1, 1, '2002-01-11 23:56:38');
INSERT INTO `messages` (`from_user_id`, `to_user_id`, `body`, `important`, `delivered`, `created_at`) VALUES (2, 80, 'Sequi ea ut est sint eius veritatis quae. Voluptatum adipisci dolorem atque praesentium quia voluptate est occaecati. Libero ullam adipisci suscipit aliquam.', 1, 0, '1999-07-05 00:07:22');
INSERT INTO `messages` (`from_user_id`, `to_user_id`, `body`, `important`, `delivered`, `created_at`) VALUES (3, 5, 'Deserunt sunt architecto quia molestias alias beatae. Aut magnam facere quos praesentium dolores vel dolor. Dolorem sit et unde quo molestiae. Id soluta fugit minima eos.', 1, 1, '2015-10-18 02:03:51');
INSERT INTO `messages` (`from_user_id`, `to_user_id`, `body`, `important`, `delivered`, `created_at`) VALUES (4, 7, 'Asperiores alias deserunt sint omnis dolores nisi vitae. Labore aperiam nesciunt eum totam eum impedit non maiores. Et quisquam est voluptatum autem.', 0, 0, '1994-01-10 03:35:08');
INSERT INTO `messages` (`from_user_id`, `to_user_id`, `body`, `important`, `delivered`, `created_at`) VALUES (5, 80, 'Dolore corporis qui consequatur est similique quis quisquam. Repudiandae perferendis excepturi porro qui. Officiis tempora blanditiis dolorem consequatur.', 1, 0, '1980-03-29 01:32:06');
INSERT INTO `messages` (`from_user_id`, `to_user_id`, `body`, `important`, `delivered`, `created_at`) VALUES (6, 40, 'Necessitatibus ex esse nulla non officiis. Ad quibusdam iure nesciunt rerum aut sint asperiores perspiciatis. Quia dignissimos aut iste id voluptatibus non nostrum.', 0, 0, '2013-01-18 15:10:25');
INSERT INTO `messages` (`from_user_id`, `to_user_id`, `body`, `important`, `delivered`, `created_at`) VALUES (7, 70, 'Sequi aut dolor reiciendis et illo voluptatem. Voluptate sed commodi assumenda voluptatem magnam. Qui eveniet velit tenetur nulla corporis. Aperiam optio porro ducimus quidem animi modi.', 0, 0, '1989-09-30 22:02:41');
INSERT INTO `messages` (`from_user_id`, `to_user_id`, `body`, `important`, `delivered`, `created_at`) VALUES (8, 31, 'Iure libero dolores ducimus nemo esse. Dolore animi libero quam earum exercitationem ab. Ullam omnis quia autem. Est ab architecto possimus nobis eos at molestias similique. Consequuntur ut dolores et ipsum assumenda iusto.', 1, 0, '2007-06-10 09:19:44');
INSERT INTO `messages` (`from_user_id`, `to_user_id`, `body`, `important`, `delivered`, `created_at`) VALUES (9, 39, 'Sit amet et earum rerum fugit. Voluptates quaerat quos maxime distinctio sunt. Animi debitis totam doloremque et minus illum debitis.', 0, 1, '1975-01-06 15:21:31');
INSERT INTO `messages` (`from_user_id`, `to_user_id`, `body`, `important`, `delivered`, `created_at`) VALUES (10, 13, 'Quia ducimus deleniti quas debitis temporibus necessitatibus. Non aut sapiente libero sequi. In iste in laboriosam mollitia eum nobis iste. Quos quam laboriosam ipsum reprehenderit voluptas aut quam.', 1, 1, '2019-05-03 10:10:43');
INSERT INTO `messages` (`from_user_id`, `to_user_id`, `body`, `important`, `delivered`, `created_at`) VALUES (11, 72, 'Nesciunt dolores rerum est eos ut. Ut quaerat beatae nulla fugiat. Dolor maxime reiciendis aspernatur non est.', 0, 0, '2018-01-04 12:37:33');
INSERT INTO `messages` (`from_user_id`, `to_user_id`, `body`, `important`, `delivered`, `created_at`) VALUES (12, 54, 'Illo et deleniti odio. Ut sit consequatur ducimus hic. Ab odit accusamus ipsa corporis.', 1, 1, '2010-01-28 14:48:49');
INSERT INTO `messages` (`from_user_id`, `to_user_id`, `body`, `important`, `delivered`, `created_at`) VALUES (13, 99, 'Consequatur et iusto tenetur in enim consequatur. Dolor ipsa laborum dolorem.', 1, 0, '2000-07-12 08:30:56');
INSERT INTO `messages` (`from_user_id`, `to_user_id`, `body`, `important`, `delivered`, `created_at`) VALUES (14, 57, 'Sit vel aut ipsam voluptatum quia. Autem cum minima totam dolorem et sit. Ut velit adipisci ea quo id sed. Ea labore provident ullam voluptatem.', 1, 1, '1970-04-21 03:07:10');
INSERT INTO `messages` (`from_user_id`, `to_user_id`, `body`, `important`, `delivered`, `created_at`) VALUES (15, 27, 'Esse ullam quasi suscipit sed omnis reprehenderit magnam. Qui vitae odio necessitatibus corrupti deleniti veniam impedit. Consequatur odio esse facere doloremque necessitatibus. Praesentium earum consequatur nobis sunt autem.', 0, 0, '2018-03-01 17:02:25');
INSERT INTO `messages` (`from_user_id`, `to_user_id`, `body`, `important`, `delivered`, `created_at`) VALUES (16, 37, 'Quia architecto nam qui dolorem autem dolorum. Necessitatibus quos incidunt maxime non eligendi laborum magnam molestiae. Aut reprehenderit exercitationem facere reiciendis consequatur molestiae. Rem vel est facilis sed.', 0, 1, '1983-06-15 03:34:21');
INSERT INTO `messages` (`from_user_id`, `to_user_id`, `body`, `important`, `delivered`, `created_at`) VALUES (17, 11, 'Ipsam maiores explicabo laudantium accusamus similique praesentium. Enim earum ex aliquam consequatur inventore consectetur expedita.', 0, 0, '1973-05-01 13:00:48');
INSERT INTO `messages` (`from_user_id`, `to_user_id`, `body`, `important`, `delivered`, `created_at`) VALUES (18, 5, 'Impedit officia temporibus perferendis dolor architecto perspiciatis. Pariatur amet aut aliquid tempore. Dolores quasi distinctio porro mollitia placeat voluptatem deserunt. Itaque expedita recusandae a id saepe est.', 0, 0, '2004-08-19 13:41:57');
INSERT INTO `messages` (`from_user_id`, `to_user_id`, `body`, `important`, `delivered`, `created_at`) VALUES (19, 78, 'Error ab adipisci est aut at vel et commodi. Sunt facilis commodi laborum quo inventore pariatur ipsum.', 0, 0, '1986-10-03 17:48:47');
INSERT INTO `messages` (`from_user_id`, `to_user_id`, `body`, `important`, `delivered`, `created_at`) VALUES (20, 85, 'Laboriosam accusamus voluptas tempore. Accusantium beatae laborum sint autem eius ut quis ea. Aliquam et et nesciunt commodi.', 1, 0, '1987-06-06 20:24:54');
INSERT INTO `messages` (`from_user_id`, `to_user_id`, `body`, `important`, `delivered`, `created_at`) VALUES (21, 4, 'Delectus omnis ducimus explicabo distinctio sapiente incidunt aliquam aliquam. Architecto qui ad deleniti beatae esse quaerat. Quam architecto et exercitationem est.', 0, 1, '2009-11-29 22:50:36');
INSERT INTO `messages` (`from_user_id`, `to_user_id`, `body`, `important`, `delivered`, `created_at`) VALUES (22, 94, 'Maxime porro ullam voluptatem rerum labore autem. Et aspernatur deserunt quas eos quia et quaerat in.', 0, 1, '1995-06-22 01:43:55');
INSERT INTO `messages` (`from_user_id`, `to_user_id`, `body`, `important`, `delivered`, `created_at`) VALUES (23, 92, 'In neque quaerat nisi dolorem voluptas cumque consectetur. Sit consequatur doloribus ad voluptatem. Impedit aut et maiores quidem commodi explicabo et. Quia ducimus doloribus fuga et nesciunt ut.', 0, 1, '1973-06-25 04:54:41');
INSERT INTO `messages` (`from_user_id`, `to_user_id`, `body`, `important`, `delivered`, `created_at`) VALUES (24, 91, 'Nam quia optio expedita qui ut. Illo praesentium iste nihil mollitia laboriosam aliquid. Veritatis placeat sint magnam quia laborum blanditiis harum aut.', 1, 0, '2012-12-17 09:59:52');
INSERT INTO `messages` (`from_user_id`, `to_user_id`, `body`, `important`, `delivered`, `created_at`) VALUES (25, 72, 'Quo unde culpa occaecati sed harum. Ut repellat cum nam aspernatur quia. Eaque voluptatibus dolorum eos facilis eligendi totam porro. Vitae minima sit corporis sint provident.', 0, 1, '1995-04-08 10:32:26');
INSERT INTO `messages` (`from_user_id`, `to_user_id`, `body`, `important`, `delivered`, `created_at`) VALUES (26, 10, 'Tempore id numquam debitis inventore. Impedit ducimus libero ea vel animi. Architecto sit officia voluptate inventore molestiae incidunt. Voluptatem qui iste sit eos vel.', 0, 0, '1991-04-02 06:15:27');
INSERT INTO `messages` (`from_user_id`, `to_user_id`, `body`, `important`, `delivered`, `created_at`) VALUES (27, 27, 'Itaque et incidunt nam quod corporis. Pariatur nesciunt ipsum explicabo veritatis quidem impedit. Corporis aut quis cumque ipsum. Occaecati consequatur harum magni ullam harum dignissimos.', 1, 0, '2015-12-21 03:36:48');
INSERT INTO `messages` (`from_user_id`, `to_user_id`, `body`, `important`, `delivered`, `created_at`) VALUES (28, 80, 'Delectus tempore et sint alias nesciunt repellat. Et debitis esse laudantium minus aut sunt incidunt. Qui amet atque esse aut quia.', 1, 1, '2015-03-03 15:34:51');
INSERT INTO `messages` (`from_user_id`, `to_user_id`, `body`, `important`, `delivered`, `created_at`) VALUES (29, 93, 'Unde excepturi enim sunt minima asperiores culpa. Nobis recusandae ducimus at fugit. Optio occaecati ex accusantium et nihil omnis.', 0, 0, '1988-11-16 20:31:46');
INSERT INTO `messages` (`from_user_id`, `to_user_id`, `body`, `important`, `delivered`, `created_at`) VALUES (30, 1, 'Aspernatur temporibus amet qui corrupti. Animi mollitia dolorem voluptatum laborum eligendi voluptate et. Iure totam culpa veritatis autem. Et dicta omnis ratione quaerat aut et tempore.', 0, 0, '1987-01-04 04:41:06');
INSERT INTO `messages` (`from_user_id`, `to_user_id`, `body`, `important`, `delivered`, `created_at`) VALUES (31, 80, 'Consequatur provident consectetur excepturi voluptatem eligendi quae fugiat. Et sint nesciunt rerum. Vel omnis numquam neque iusto cupiditate qui at. Ut rerum voluptate dolores dicta adipisci cum.', 0, 1, '1988-09-24 00:38:17');
INSERT INTO `messages` (`from_user_id`, `to_user_id`, `body`, `important`, `delivered`, `created_at`) VALUES (32, 94, 'Est error numquam hic quo officiis quos. Ut molestias enim accusamus inventore error. Quam fuga non exercitationem quasi reprehenderit optio.', 0, 1, '1990-07-20 16:15:19');
INSERT INTO `messages` (`from_user_id`, `to_user_id`, `body`, `important`, `delivered`, `created_at`) VALUES (33, 52, 'Unde natus quis dolor magnam sint ullam non. Beatae eligendi accusamus consequuntur ratione impedit nostrum autem. Eos commodi sed ipsa quam beatae fugit doloremque.', 1, 1, '1999-09-20 21:44:14');
INSERT INTO `messages` (`from_user_id`, `to_user_id`, `body`, `important`, `delivered`, `created_at`) VALUES (34, 57, 'Tempore quibusdam eum facere. Nam nulla necessitatibus molestiae et. Libero sapiente architecto neque sit. Quas nulla qui animi earum eligendi. Maiores explicabo cum possimus minus eos dolore.', 1, 1, '1993-02-13 22:01:46');
INSERT INTO `messages` (`from_user_id`, `to_user_id`, `body`, `important`, `delivered`, `created_at`) VALUES (35, 78, 'Consequatur est deleniti nam dolor. Quidem adipisci aliquid expedita.', 0, 0, '1978-08-16 22:50:08');
INSERT INTO `messages` (`from_user_id`, `to_user_id`, `body`, `important`, `delivered`, `created_at`) VALUES (36, 70, 'Quo dolorem non et non. Ad qui quisquam nobis commodi et. Rerum libero nostrum temporibus veritatis magni ab inventore. Ullam in omnis id non.', 1, 1, '1991-01-15 02:30:18');
INSERT INTO `messages` (`from_user_id`, `to_user_id`, `body`, `important`, `delivered`, `created_at`) VALUES (37, 38, 'Aliquam voluptatem error eaque odio quo. Corporis sunt quis aut laborum maxime non. Ea exercitationem modi molestiae unde.', 1, 1, '2017-12-11 06:00:30');
INSERT INTO `messages` (`from_user_id`, `to_user_id`, `body`, `important`, `delivered`, `created_at`) VALUES (38, 57, 'A illo sint ut nesciunt hic. Ut assumenda aspernatur nihil aliquid et fugit similique quasi. Voluptatem assumenda sit consequatur vitae odit sit enim. Officia veritatis voluptas repellendus tenetur accusantium at quia.', 1, 1, '1974-01-22 12:35:42');
INSERT INTO `messages` (`from_user_id`, `to_user_id`, `body`, `important`, `delivered`, `created_at`) VALUES (39, 81, 'Officia deleniti vel dolores culpa quia ea. Voluptas ea qui voluptas eos suscipit veniam. Autem accusantium ipsum beatae et veritatis molestias repudiandae.', 0, 1, '1984-01-23 13:11:12');
INSERT INTO `messages` (`from_user_id`, `to_user_id`, `body`, `important`, `delivered`, `created_at`) VALUES (40, 68, 'Adipisci magnam qui illo magnam laborum non. Dolorem omnis quis corrupti blanditiis aut atque est autem. Debitis quasi ut est non. Maxime omnis iusto excepturi saepe.', 1, 0, '2011-11-11 11:20:37');
INSERT INTO `messages` (`from_user_id`, `to_user_id`, `body`, `important`, `delivered`, `created_at`) VALUES (41, 83, 'Deleniti ab perspiciatis est ducimus. Fugiat dignissimos praesentium iusto aut. Enim vero mollitia tempore a cum et.', 1, 1, '1978-02-10 14:23:56');
INSERT INTO `messages` (`from_user_id`, `to_user_id`, `body`, `important`, `delivered`, `created_at`) VALUES (42, 3, 'Corporis quos tempora necessitatibus est reprehenderit. Corporis enim tenetur consequatur nihil deserunt ipsa ab. Ad maiores numquam enim neque omnis itaque.', 0, 0, '1991-03-15 15:51:57');
INSERT INTO `messages` (`from_user_id`, `to_user_id`, `body`, `important`, `delivered`, `created_at`) VALUES (43, 11, 'Accusantium nihil provident vel. Ad quam dolor nulla numquam nam numquam enim. Culpa autem harum autem modi. Delectus quis non consequuntur tempora.', 1, 1, '1992-05-16 11:26:10');
INSERT INTO `messages` (`from_user_id`, `to_user_id`, `body`, `important`, `delivered`, `created_at`) VALUES (44, 56, 'Velit et at iusto veritatis et. Quae reprehenderit aut ut soluta explicabo. Non architecto non repudiandae. Delectus dolorem quia necessitatibus ipsum voluptatem.', 1, 1, '2004-01-12 21:33:08');
INSERT INTO `messages` (`from_user_id`, `to_user_id`, `body`, `important`, `delivered`, `created_at`) VALUES (45, 53, 'Et earum quaerat vero dolorem. Iure unde sapiente voluptas sed labore. Eligendi amet laudantium qui temporibus possimus doloribus. Laudantium illo voluptatum enim debitis laudantium sit iusto.', 0, 0, '2005-06-09 09:54:52');
INSERT INTO `messages` (`from_user_id`, `to_user_id`, `body`, `important`, `delivered`, `created_at`) VALUES (46, 78, 'Doloremque neque voluptates rerum voluptatem quisquam et. Temporibus praesentium sequi sapiente qui eum ipsum quisquam.', 1, 1, '1999-07-27 11:21:38');
INSERT INTO `messages` (`from_user_id`, `to_user_id`, `body`, `important`, `delivered`, `created_at`) VALUES (47, 32, 'Maxime sunt eum voluptatum voluptatem. Officiis alias qui est. Maxime est aut sit perferendis voluptas voluptatem sapiente. Ducimus ratione reprehenderit et vero ad.', 0, 1, '2001-11-05 06:00:13');
INSERT INTO `messages` (`from_user_id`, `to_user_id`, `body`, `important`, `delivered`, `created_at`) VALUES (48, 84, 'Quia reiciendis labore delectus maiores nulla iure iste occaecati. Ea reprehenderit quo qui optio sint laboriosam sit. Eveniet pariatur quia nam reiciendis voluptatem non. Voluptatem vel at dolor voluptates.', 1, 1, '2006-07-13 03:24:42');
INSERT INTO `messages` (`from_user_id`, `to_user_id`, `body`, `important`, `delivered`, `created_at`) VALUES (49, 93, 'Et ad molestiae autem impedit illo. Quos illum voluptas dolore dolorum assumenda quidem a.', 1, 0, '2013-10-16 09:39:19');
INSERT INTO `messages` (`from_user_id`, `to_user_id`, `body`, `important`, `delivered`, `created_at`) VALUES (50, 73, 'Quasi et necessitatibus totam rerum. Aliquid et nesciunt ipsa a. Et natus voluptatibus molestiae ut nisi a excepturi. Ut aut molestiae voluptatem quasi repudiandae architecto.', 1, 0, '2004-11-05 03:52:43');
INSERT INTO `messages` (`from_user_id`, `to_user_id`, `body`, `important`, `delivered`, `created_at`) VALUES (51, 100, 'Omnis in voluptas atque molestiae sed culpa. Ut in eos totam et possimus. Qui rem dolor rerum fugit illum vel.', 0, 0, '1988-09-23 02:23:10');
INSERT INTO `messages` (`from_user_id`, `to_user_id`, `body`, `important`, `delivered`, `created_at`) VALUES (52, 79, 'Sequi et voluptas omnis tempore quo deserunt sunt. Molestias expedita debitis explicabo qui ratione voluptatem omnis. Eum enim cum velit. Deserunt sint placeat ut magnam aut alias quibusdam et.', 1, 0, '2016-03-07 21:01:52');
INSERT INTO `messages` (`from_user_id`, `to_user_id`, `body`, `important`, `delivered`, `created_at`) VALUES (53, 7, 'Sunt nulla laborum architecto optio blanditiis vel sunt. Sunt fugit minus accusantium nulla non.', 1, 0, '2018-05-10 02:41:45');
INSERT INTO `messages` (`from_user_id`, `to_user_id`, `body`, `important`, `delivered`, `created_at`) VALUES (54, 47, 'Voluptatem ut quas aut. Fugiat consequatur impedit explicabo temporibus dolorem odit. Illum sit culpa quia iste repellat reprehenderit sequi.', 1, 1, '1977-07-08 00:30:24');
INSERT INTO `messages` (`from_user_id`, `to_user_id`, `body`, `important`, `delivered`, `created_at`) VALUES (55, 58, 'Ipsam quaerat hic tempora perferendis hic. Excepturi quos animi sequi velit et assumenda at. Animi corrupti doloremque corporis.', 1, 0, '2007-12-24 11:19:48');
INSERT INTO `messages` (`from_user_id`, `to_user_id`, `body`, `important`, `delivered`, `created_at`) VALUES (56, 93, 'Et magnam quis repellendus placeat. Provident laudantium illo et quibusdam voluptas vel molestiae. Totam sit reiciendis harum maxime occaecati quas.', 0, 1, '1977-09-29 01:01:14');
INSERT INTO `messages` (`from_user_id`, `to_user_id`, `body`, `important`, `delivered`, `created_at`) VALUES (57, 12, 'Sunt pariatur quisquam iusto numquam vel fuga. Rem quae explicabo suscipit rem non eos. Accusantium adipisci dolores velit. Labore iusto molestiae adipisci accusamus perspiciatis quasi doloribus.', 1, 0, '2013-05-11 22:34:28');
INSERT INTO `messages` (`from_user_id`, `to_user_id`, `body`, `important`, `delivered`, `created_at`) VALUES (58, 75, 'Rem dolorem voluptas fugit quibusdam et rem. Qui voluptatem nihil ad. Ut eligendi facere blanditiis explicabo et in. Non autem numquam reprehenderit similique excepturi deleniti.', 1, 0, '1996-03-09 11:48:08');
INSERT INTO `messages` (`from_user_id`, `to_user_id`, `body`, `important`, `delivered`, `created_at`) VALUES (59, 42, 'Autem id velit officia mollitia aut dolorem. Eum et asperiores ad quia dolor sed alias ut. Reprehenderit quis voluptatum quam sit nihil. Sed quia inventore eos expedita debitis non.', 1, 0, '1999-07-24 16:37:09');
INSERT INTO `messages` (`from_user_id`, `to_user_id`, `body`, `important`, `delivered`, `created_at`) VALUES (60, 21, 'Veritatis commodi ipsam alias atque nulla rerum voluptas. Neque sed minus quos. Totam harum cum et ea occaecati quas. Voluptatem odio nihil voluptatum eos qui impedit. Laborum aperiam reiciendis doloribus aut.', 0, 1, '1980-08-12 10:52:26');
INSERT INTO `messages` (`from_user_id`, `to_user_id`, `body`, `important`, `delivered`, `created_at`) VALUES (61, 44, 'Illo atque sunt saepe eveniet. Quis et fuga eum. Incidunt voluptates eveniet sint quisquam occaecati illum.', 1, 0, '2006-08-10 21:12:13');
INSERT INTO `messages` (`from_user_id`, `to_user_id`, `body`, `important`, `delivered`, `created_at`) VALUES (62, 72, 'Nesciunt doloribus illum ex est tempore quod. Nihil qui et harum pariatur quasi eveniet odio. Et et commodi ex repellendus odio ipsum. Dolores rerum non officiis unde.', 1, 1, '1996-10-15 01:13:53');
INSERT INTO `messages` (`from_user_id`, `to_user_id`, `body`, `important`, `delivered`, `created_at`) VALUES (63, 94, 'Nulla deserunt debitis ut possimus ut molestiae sint. Dolores error debitis officiis a dolorum. Ducimus porro libero vitae perspiciatis consequuntur. Voluptatum ut enim suscipit maxime necessitatibus ut.', 1, 1, '1970-04-02 09:28:30');
INSERT INTO `messages` (`from_user_id`, `to_user_id`, `body`, `important`, `delivered`, `created_at`) VALUES (64, 1, 'Labore velit et sit et magnam vero. Laboriosam facere sunt est qui distinctio praesentium quibusdam tenetur. Laboriosam aut et adipisci alias quis fuga. Asperiores beatae vel delectus animi voluptate.', 0, 1, '2013-11-08 18:50:42');
INSERT INTO `messages` (`from_user_id`, `to_user_id`, `body`, `important`, `delivered`, `created_at`) VALUES (65, 59, 'Corrupti esse nobis deserunt. Odio numquam nam quo consectetur enim. Sapiente totam fugiat dolor vel suscipit aliquid ab.', 1, 1, '2000-12-12 19:05:58');
INSERT INTO `messages` (`from_user_id`, `to_user_id`, `body`, `important`, `delivered`, `created_at`) VALUES (66, 92, 'Aliquam quasi cupiditate aut. Quis at aut et dolores minima voluptatem. Debitis laudantium repudiandae placeat non harum.', 1, 1, '1990-11-18 03:35:45');
INSERT INTO `messages` (`from_user_id`, `to_user_id`, `body`, `important`, `delivered`, `created_at`) VALUES (67, 79, 'Placeat ipsum est optio quasi ad. Nulla velit ut quo eum eligendi accusantium. Blanditiis ipsa sit nobis velit voluptates rerum quae.', 0, 0, '2014-12-22 03:59:56');
INSERT INTO `messages` (`from_user_id`, `to_user_id`, `body`, `important`, `delivered`, `created_at`) VALUES (68, 30, 'Ullam tenetur labore esse enim. Corrupti est optio unde corrupti.', 0, 0, '1995-11-13 19:21:41');
INSERT INTO `messages` (`from_user_id`, `to_user_id`, `body`, `important`, `delivered`, `created_at`) VALUES (69, 15, 'Quia eos praesentium voluptas voluptate. Debitis fuga ut doloribus officia accusantium. Sit placeat voluptatem dolores eveniet ex ducimus. Natus mollitia inventore atque culpa consequatur voluptas ut. Voluptas est et libero incidunt culpa illo.', 1, 0, '1998-09-18 13:08:53');
INSERT INTO `messages` (`from_user_id`, `to_user_id`, `body`, `important`, `delivered`, `created_at`) VALUES (70, 30, 'Veniam totam deserunt et. Accusamus maxime corporis et consequatur voluptatum itaque qui. Ducimus aliquid debitis placeat quia. Sit ut molestiae molestiae autem ad praesentium velit accusantium.', 1, 1, '1993-01-02 03:36:42');
INSERT INTO `messages` (`from_user_id`, `to_user_id`, `body`, `important`, `delivered`, `created_at`) VALUES (71, 63, 'Hic explicabo qui ut quam dolor. Fugiat velit fugit mollitia veniam nisi. Quae rem adipisci ea pariatur sequi.', 0, 0, '2006-08-20 20:25:49');
INSERT INTO `messages` (`from_user_id`, `to_user_id`, `body`, `important`, `delivered`, `created_at`) VALUES (72, 6, 'Id laborum qui similique harum. Dolore et mollitia illum rem fugit. Officiis eum aut expedita quia autem.', 0, 0, '1985-04-20 11:52:41');
INSERT INTO `messages` (`from_user_id`, `to_user_id`, `body`, `important`, `delivered`, `created_at`) VALUES (73, 97, 'Itaque odit fugit suscipit quidem fugiat soluta. Et debitis quia eligendi nemo aut. Vel expedita recusandae consequatur qui. Corrupti sunt omnis quis et numquam culpa.', 1, 1, '1984-08-27 18:48:19');
INSERT INTO `messages` (`from_user_id`, `to_user_id`, `body`, `important`, `delivered`, `created_at`) VALUES (74, 90, 'Voluptatem sed exercitationem in alias incidunt ea. Et ab repudiandae est cumque eum asperiores. Consequatur autem omnis et rem et provident earum.', 1, 1, '2011-04-16 00:00:29');
INSERT INTO `messages` (`from_user_id`, `to_user_id`, `body`, `important`, `delivered`, `created_at`) VALUES (75, 56, 'A corporis laudantium et deleniti sed. Et rerum voluptatum et atque non voluptas officia. Possimus laudantium natus ipsa minima exercitationem sed ducimus provident. Culpa ea soluta corrupti architecto.', 1, 1, '1988-06-24 09:32:32');
INSERT INTO `messages` (`from_user_id`, `to_user_id`, `body`, `important`, `delivered`, `created_at`) VALUES (76, 94, 'Et tenetur similique adipisci adipisci. Omnis et non et eligendi a. Modi laboriosam dignissimos earum minima occaecati. Sit voluptatem velit qui provident quae esse odit.', 0, 1, '1973-02-26 21:23:30');
INSERT INTO `messages` (`from_user_id`, `to_user_id`, `body`, `important`, `delivered`, `created_at`) VALUES (77, 79, 'Sint veniam magnam repudiandae reiciendis ipsam est. Est voluptas provident perferendis numquam distinctio. Corporis voluptate consequatur dolorum voluptate neque quaerat consectetur.', 1, 0, '1977-03-04 19:46:38');
INSERT INTO `messages` (`from_user_id`, `to_user_id`, `body`, `important`, `delivered`, `created_at`) VALUES (78, 97, 'Aliquid aliquid placeat illo veniam sed nostrum. Et labore quia cupiditate.', 0, 1, '2014-10-27 19:29:23');
INSERT INTO `messages` (`from_user_id`, `to_user_id`, `body`, `important`, `delivered`, `created_at`) VALUES (79, 75, 'Harum sunt unde enim reiciendis. Sint quidem fuga nam aut aut illum. Fugit eum nesciunt pariatur quam veritatis eligendi eligendi dolores. Minima et eos est est.', 0, 1, '1972-12-19 11:56:38');
INSERT INTO `messages` (`from_user_id`, `to_user_id`, `body`, `important`, `delivered`, `created_at`) VALUES (80, 16, 'Nihil animi est voluptatem. Et repellendus animi illo dolorem dolorum dignissimos. Eveniet et officiis non rem et.', 0, 0, '2017-06-26 21:31:58');
INSERT INTO `messages` (`from_user_id`, `to_user_id`, `body`, `important`, `delivered`, `created_at`) VALUES (81, 42, 'Eveniet est nisi est suscipit fugit exercitationem ut. Asperiores quibusdam nihil exercitationem ut blanditiis ut. Voluptatum vero ut sit corrupti. Omnis corporis ut et dolor atque et sed. Beatae laborum dolores non ipsam recusandae.', 1, 0, '1983-12-02 03:35:37');
INSERT INTO `messages` (`from_user_id`, `to_user_id`, `body`, `important`, `delivered`, `created_at`) VALUES (82, 81, 'Et numquam iure dignissimos ut. Recusandae laborum amet ex eveniet repudiandae voluptatum. Non sed eos voluptates odio. Et quia assumenda laborum ex in quo amet.', 0, 0, '1996-05-14 10:40:05');
INSERT INTO `messages` (`from_user_id`, `to_user_id`, `body`, `important`, `delivered`, `created_at`) VALUES (83, 25, 'Non id non quia sed sed possimus inventore autem. Iste dolore unde vel voluptatem corrupti ducimus rerum est. Ut quia iste saepe voluptates omnis. Optio consequuntur impedit dolor maxime quia qui.', 1, 0, '1970-05-27 09:48:13');
INSERT INTO `messages` (`from_user_id`, `to_user_id`, `body`, `important`, `delivered`, `created_at`) VALUES (84, 97, 'Nemo omnis sint dicta possimus sint facilis et. Ducimus facere enim fugiat optio totam ex. Aut quos voluptatibus quo. Sed necessitatibus quisquam nesciunt et amet ut.', 1, 1, '2007-08-15 07:08:06');
INSERT INTO `messages` (`from_user_id`, `to_user_id`, `body`, `important`, `delivered`, `created_at`) VALUES (85, 55, 'Velit quam voluptas asperiores est labore pariatur. Alias aut id id harum quam quibusdam ut. Iusto mollitia error molestiae repellat quos dolore sed. Omnis sapiente id rerum sed debitis.', 0, 0, '1975-07-13 10:21:57');
INSERT INTO `messages` (`from_user_id`, `to_user_id`, `body`, `important`, `delivered`, `created_at`) VALUES (86, 47, 'Dolores nisi delectus minima est sed doloremque. Quo iusto rem qui totam vel repudiandae. Aliquam dolorum adipisci qui quasi est qui. Quia cumque doloremque vel quia voluptatem libero. Et autem fugit animi sit.', 1, 1, '2018-02-11 20:42:26');
INSERT INTO `messages` (`from_user_id`, `to_user_id`, `body`, `important`, `delivered`, `created_at`) VALUES (87, 13, 'Unde nostrum et delectus consequatur quos. Quos dicta dolorem quaerat a esse recusandae numquam. At ex eius veritatis quam cumque omnis quasi suscipit. Cum suscipit dolorum rerum in.', 0, 1, '2004-11-01 08:54:13');
INSERT INTO `messages` (`from_user_id`, `to_user_id`, `body`, `important`, `delivered`, `created_at`) VALUES (88, 18, 'Sapiente ad similique est repellat consequatur rerum repellat. Officia tempora quia dolore. Ad dolore velit ut quia. Et provident eligendi rerum.', 1, 0, '2003-01-11 14:04:17');
INSERT INTO `messages` (`from_user_id`, `to_user_id`, `body`, `important`, `delivered`, `created_at`) VALUES (89, 46, 'Culpa ut nulla aut saepe sit. Sunt vero sit veniam quidem incidunt veritatis corrupti. Itaque quis id officiis saepe cumque distinctio.', 1, 1, '1999-12-06 22:01:01');
INSERT INTO `messages` (`from_user_id`, `to_user_id`, `body`, `important`, `delivered`, `created_at`) VALUES (90, 47, 'Voluptatem repellendus consequuntur laborum alias atque natus incidunt. Enim tenetur et voluptatibus facilis facere. Eius voluptatibus repudiandae dolor illo praesentium quas. Id dignissimos suscipit vel eveniet qui temporibus.', 0, 1, '2016-05-31 22:10:09');
INSERT INTO `messages` (`from_user_id`, `to_user_id`, `body`, `important`, `delivered`, `created_at`) VALUES (91, 14, 'Autem fugiat id assumenda. Quis et atque aut tempora aperiam vitae. Asperiores consectetur occaecati itaque dolorem. Et non itaque autem molestias in est sit ut. Qui quae quos doloribus aliquid exercitationem sed non.', 1, 1, '1977-06-29 14:20:48');
INSERT INTO `messages` (`from_user_id`, `to_user_id`, `body`, `important`, `delivered`, `created_at`) VALUES (92, 21, 'Omnis corrupti minima in laborum. Dignissimos deleniti alias aut expedita ipsam ipsum voluptatibus. Non quam totam repellat qui necessitatibus vero quibusdam. In accusamus occaecati sapiente pariatur reiciendis qui vel. Aut veritatis autem non est quisquam ducimus.', 0, 0, '1997-04-11 00:19:26');
INSERT INTO `messages` (`from_user_id`, `to_user_id`, `body`, `important`, `delivered`, `created_at`) VALUES (93, 12, 'Autem aut vel illo. Ex aut quaerat repellat sed unde neque. Eligendi consequatur voluptatem adipisci nemo repudiandae. Quia qui et qui maiores eius delectus.', 0, 1, '1986-03-07 23:48:35');
INSERT INTO `messages` (`from_user_id`, `to_user_id`, `body`, `important`, `delivered`, `created_at`) VALUES (94, 80, 'Et non reprehenderit consectetur dolores itaque laudantium unde. Saepe sunt et ut eos aut sunt dolorum non. Corrupti tenetur nisi ut fuga animi repellendus deserunt.', 0, 0, '2007-01-04 23:40:53');
INSERT INTO `messages` (`from_user_id`, `to_user_id`, `body`, `important`, `delivered`, `created_at`) VALUES (95, 86, 'Omnis a delectus consequatur consectetur eveniet. Velit sed numquam ea et ut voluptatem aut. Aut fuga qui eum laborum.', 1, 1, '2012-12-02 02:57:46');
INSERT INTO `messages` (`from_user_id`, `to_user_id`, `body`, `important`, `delivered`, `created_at`) VALUES (96, 63, 'Quidem non expedita reiciendis corporis. Et et similique voluptatibus quae soluta. Quia aut tenetur tempore corrupti voluptatum mollitia accusantium.', 1, 0, '1971-03-03 14:53:22');
INSERT INTO `messages` (`from_user_id`, `to_user_id`, `body`, `important`, `delivered`, `created_at`) VALUES (97, 34, 'Non iusto quisquam natus nemo. Ea accusantium cupiditate voluptates hic incidunt tempore qui.', 0, 1, '2004-12-31 03:56:23');
INSERT INTO `messages` (`from_user_id`, `to_user_id`, `body`, `important`, `delivered`, `created_at`) VALUES (98, 5, 'Qui mollitia error quibusdam non veniam. Nulla et et cum. Eos quae culpa iure et.', 0, 0, '2010-10-15 13:27:34');
INSERT INTO `messages` (`from_user_id`, `to_user_id`, `body`, `important`, `delivered`, `created_at`) VALUES (99, 75, 'Exercitationem porro delectus id alias. Aut mollitia voluptatibus dolorem fuga dolores recusandae. Amet ut culpa harum ut temporibus aut.', 1, 1, '1970-12-06 15:11:52');
INSERT INTO `messages` (`from_user_id`, `to_user_id`, `body`, `important`, `delivered`, `created_at`) VALUES (100, 81, 'Facilis et sunt est ratione velit. Nostrum nesciunt aliquam neque est excepturi non eos. Alias debitis ipsum voluptate.', 0, 1, '2007-12-27 05:20:33');


#
# TABLE STRUCTURE FOR: posts
#

DROP TABLE IF EXISTS `posts`;

CREATE TABLE `posts` (
  `user_id` int(10) unsigned NOT NULL,
  `body` text COLLATE utf8_unicode_ci NOT NULL,
  `created_at` datetime DEFAULT current_timestamp()
) ENGINE=InnoDB DEFAULT CHARSET=utf8 COLLATE=utf8_unicode_ci;

INSERT INTO `posts` (`user_id`, `body`, `created_at`) VALUES (1, 'Dolore iure non sed commodi perspiciatis itaque aut. Est quasi porro laudantium ut totam nisi sed.', '1981-05-11 10:45:55');
INSERT INTO `posts` (`user_id`, `body`, `created_at`) VALUES (2, 'Expedita ab dolorem pariatur cumque. Fuga nobis repellat repellendus harum assumenda quia. Harum laudantium recusandae et minus nisi consequatur labore.', '2013-06-12 01:51:13');
INSERT INTO `posts` (`user_id`, `body`, `created_at`) VALUES (3, 'Non et asperiores a sint corrupti recusandae et. Magnam enim et ratione tempora quia est. Facilis provident consectetur perferendis aut blanditiis dolorem consequatur. Qui nam occaecati deleniti deleniti culpa.', '2006-03-04 11:30:17');
INSERT INTO `posts` (`user_id`, `body`, `created_at`) VALUES (4, 'Asperiores quis et molestias tenetur modi. Delectus consectetur laborum dolores nobis eius quisquam corporis.', '2008-05-02 21:52:03');
INSERT INTO `posts` (`user_id`, `body`, `created_at`) VALUES (5, 'Illo molestias voluptas repellendus ut numquam enim. Voluptatem consequatur consequatur quam fugit fugit voluptatem. Harum numquam velit saepe qui. A tempora commodi magni autem voluptas similique qui ea.', '1972-05-26 03:05:37');
INSERT INTO `posts` (`user_id`, `body`, `created_at`) VALUES (6, 'Atque et occaecati a molestiae ut et dolore qui. Eum repellendus eius aut dolore. Quo dolor cupiditate quia quae praesentium quae qui et. Voluptatibus dolore velit impedit earum itaque expedita aliquam nihil.', '2016-06-16 07:28:37');
INSERT INTO `posts` (`user_id`, `body`, `created_at`) VALUES (7, 'Ab ducimus ipsa quasi sed. Qui atque nam nostrum repellat dolor aperiam. Aut ad non consequuntur iure molestiae. Modi sequi eos ut eos.', '1975-08-11 15:28:54');
INSERT INTO `posts` (`user_id`, `body`, `created_at`) VALUES (8, 'Quidem laboriosam dolor architecto nisi. Nisi rerum praesentium architecto. Voluptatem vel est laborum. Et unde modi voluptatem optio enim.', '1978-09-11 19:56:44');
INSERT INTO `posts` (`user_id`, `body`, `created_at`) VALUES (9, 'Et ea sint eius non est corporis alias. Atque et aliquam corrupti nihil. Numquam accusantium veritatis omnis id. At qui quis ad consequatur libero sequi.', '2003-01-18 10:28:52');
INSERT INTO `posts` (`user_id`, `body`, `created_at`) VALUES (10, 'Cupiditate et nihil qui provident facilis. Porro totam nisi voluptatem facilis et tempore occaecati. Officiis quia dolor cum. Fugit qui autem temporibus vero. Et quasi ullam rerum cumque voluptatem nulla qui et.', '1985-12-25 10:37:04');
INSERT INTO `posts` (`user_id`, `body`, `created_at`) VALUES (11, 'Vel reiciendis voluptatum et esse voluptatem quisquam in. Quis error enim rerum fuga ab et repellat. Illo sed dolor amet et. Non blanditiis sed inventore et.', '1972-05-23 21:50:18');
INSERT INTO `posts` (`user_id`, `body`, `created_at`) VALUES (12, 'Repellat voluptatibus est voluptatem voluptatum. Repellendus omnis dolorum est sed. Qui laborum quaerat et ad labore sed qui consectetur.', '1996-09-30 11:06:07');
INSERT INTO `posts` (`user_id`, `body`, `created_at`) VALUES (13, 'Magni architecto dolor eligendi vel quis architecto similique. A nesciunt aut quod eius velit. Qui dolores praesentium porro aperiam rerum velit.', '2017-12-01 02:48:39');
INSERT INTO `posts` (`user_id`, `body`, `created_at`) VALUES (14, 'Ducimus aut labore rerum voluptatem magni unde. Et odio maiores sunt enim officiis. Tempore magnam earum nobis et dolore sunt.', '1973-02-14 14:18:34');
INSERT INTO `posts` (`user_id`, `body`, `created_at`) VALUES (15, 'Qui beatae quia dicta nemo qui sit. Aut eum ea quod aut. Tempora quia sint debitis voluptatibus optio. Eos ipsa totam aut tenetur numquam dolorum. Voluptas id est iure quibusdam.', '1987-11-10 05:21:35');
INSERT INTO `posts` (`user_id`, `body`, `created_at`) VALUES (16, 'Veniam et est sed facere. Consequatur aliquam iusto eos sed illum quo. Tempora explicabo incidunt qui ex qui architecto officiis qui.', '2000-03-30 07:05:25');
INSERT INTO `posts` (`user_id`, `body`, `created_at`) VALUES (17, 'Optio illo earum aut dolore quisquam voluptates ut. Blanditiis sit perspiciatis neque dolores ut sunt. Qui recusandae eum vel et. Aspernatur nihil aut sapiente commodi ut labore. Ea tempora culpa et laudantium aut dignissimos.', '1993-10-06 15:29:26');
INSERT INTO `posts` (`user_id`, `body`, `created_at`) VALUES (18, 'Incidunt numquam odio fugit non accusantium necessitatibus. Quis vel autem recusandae culpa ut debitis totam. Sed aut iusto atque. Sit voluptates enim quisquam sint.', '1977-01-17 00:00:49');
INSERT INTO `posts` (`user_id`, `body`, `created_at`) VALUES (19, 'Et dolores laborum dignissimos veniam doloremque. Consequatur in ut labore omnis error. Optio sed est ullam.', '1974-10-11 18:48:47');
INSERT INTO `posts` (`user_id`, `body`, `created_at`) VALUES (20, 'Non earum et occaecati. Aut nobis quod atque amet ex sequi adipisci. Molestiae illo praesentium in enim nisi. Quam velit facilis quidem nam.', '1978-09-24 23:15:52');
INSERT INTO `posts` (`user_id`, `body`, `created_at`) VALUES (21, 'Impedit quas est sint ad quae sit. Consectetur in ex corporis dolorem harum aliquid. Modi sint dolore iste ea provident quisquam. Consequatur qui dolore id aspernatur dolor.', '1980-06-07 14:04:36');
INSERT INTO `posts` (`user_id`, `body`, `created_at`) VALUES (22, 'Veritatis culpa aut qui amet dolorem dolor perferendis optio. Voluptas consequatur cum recusandae libero qui.', '2018-11-09 23:09:50');
INSERT INTO `posts` (`user_id`, `body`, `created_at`) VALUES (23, 'Iure voluptas ea rem esse autem sit aliquid doloribus. Occaecati deleniti et necessitatibus ut neque. Vitae autem ut officia.', '2007-07-07 23:45:26');
INSERT INTO `posts` (`user_id`, `body`, `created_at`) VALUES (24, 'Nesciunt occaecati incidunt doloribus velit. Magnam atque illo ut non minus sed quisquam atque. Molestiae fugiat libero veritatis doloribus porro. Possimus est harum autem dolore sit impedit.', '2016-12-12 08:35:17');
INSERT INTO `posts` (`user_id`, `body`, `created_at`) VALUES (25, 'In non animi error vitae. Qui architecto et rerum ut velit et accusamus. In repellat quas hic est veritatis dignissimos.', '1986-05-20 07:52:10');
INSERT INTO `posts` (`user_id`, `body`, `created_at`) VALUES (26, 'Omnis sint dolorem optio. Non et doloremque eius accusamus natus. Sit et ut ut eveniet ea ad nostrum assumenda.', '2008-10-08 02:54:46');
INSERT INTO `posts` (`user_id`, `body`, `created_at`) VALUES (27, 'Nulla sequi et quas corporis incidunt aperiam. Deserunt officia laudantium modi non. Qui accusantium non animi voluptas ea rerum.', '2006-04-10 04:27:10');
INSERT INTO `posts` (`user_id`, `body`, `created_at`) VALUES (28, 'Sapiente dolore impedit officia optio tempore quasi recusandae ut. Ducimus dolorem ipsum omnis ullam. Id ipsam quo necessitatibus praesentium corporis. Quisquam doloribus iure qui voluptatem dolorem.', '1990-01-04 21:38:11');
INSERT INTO `posts` (`user_id`, `body`, `created_at`) VALUES (29, 'Qui assumenda corrupti sunt enim nulla est est. Qui tenetur qui voluptatem aut ut vel quia ipsa. Voluptatem consequatur dolor fugit excepturi consectetur aliquam dolorum.', '2005-10-15 16:26:37');
INSERT INTO `posts` (`user_id`, `body`, `created_at`) VALUES (30, 'Omnis totam et officia aut quos enim. Ipsam est magni doloremque in distinctio neque odit. Inventore dolorum quia veritatis doloremque libero non autem. Voluptas dolor quis asperiores mollitia ipsa quam consequatur ea.', '1997-08-23 01:31:54');
INSERT INTO `posts` (`user_id`, `body`, `created_at`) VALUES (31, 'Quo quasi qui quibusdam inventore deserunt incidunt. Vitae sed aliquam dolorem. Distinctio sit vel illum modi. Quo error possimus aut accusamus nemo et pariatur. Sint ipsum velit qui sed quia et quaerat.', '1972-01-23 20:25:56');
INSERT INTO `posts` (`user_id`, `body`, `created_at`) VALUES (32, 'Asperiores ea voluptas sequi ut natus. Sed et vitae sapiente deleniti ipsam. Consequatur possimus amet earum in dicta dolor voluptatem.', '2001-01-07 03:11:13');
INSERT INTO `posts` (`user_id`, `body`, `created_at`) VALUES (33, 'Aspernatur at minus maxime consequatur. Neque impedit excepturi in impedit hic.', '1976-09-01 08:07:07');
INSERT INTO `posts` (`user_id`, `body`, `created_at`) VALUES (34, 'Fuga atque exercitationem veritatis et voluptatibus fugit asperiores. Commodi qui quia sit natus sunt. Nihil et ut voluptatem. Rerum rerum ea error. Possimus fuga corrupti facilis fuga qui.', '1987-04-26 04:04:13');
INSERT INTO `posts` (`user_id`, `body`, `created_at`) VALUES (35, 'Doloribus necessitatibus unde temporibus vel omnis velit ut. Sint ratione qui eos dolore. Ut libero voluptatibus quis neque.', '1976-08-27 08:49:22');
INSERT INTO `posts` (`user_id`, `body`, `created_at`) VALUES (36, 'Aperiam quia nostrum tenetur voluptatem eum possimus. Nisi consectetur ea minus distinctio et illum dolor incidunt. Molestiae eaque eos vel magni rerum et error impedit.', '2019-01-21 18:41:42');
INSERT INTO `posts` (`user_id`, `body`, `created_at`) VALUES (37, 'Voluptatem fugit veniam maiores. Dignissimos qui debitis neque quibusdam accusamus voluptatem dolorem non. Quos aliquid quae autem officiis. Ut maiores non culpa nulla.', '1983-04-09 07:33:43');
INSERT INTO `posts` (`user_id`, `body`, `created_at`) VALUES (38, 'Quo ipsum qui iusto. Modi molestias aut ipsa eligendi perferendis ex molestias. Explicabo aut et voluptatem eligendi est est. Repellendus voluptatum aperiam nesciunt et aliquid eos quibusdam iusto.', '2014-07-17 06:04:42');
INSERT INTO `posts` (`user_id`, `body`, `created_at`) VALUES (39, 'Beatae itaque praesentium omnis hic numquam ab deserunt omnis. Non quibusdam consequatur et iusto blanditiis et qui. Alias perspiciatis quis distinctio quae quia aut corrupti.', '2000-03-06 15:36:06');
INSERT INTO `posts` (`user_id`, `body`, `created_at`) VALUES (40, 'Eum odio eos itaque ab dolor ut soluta. Quo voluptatem voluptas enim enim.', '2004-04-12 20:13:27');
INSERT INTO `posts` (`user_id`, `body`, `created_at`) VALUES (41, 'Magni exercitationem praesentium adipisci sit amet. Et consequatur quidem inventore fugit vero. Enim explicabo quae ipsa possimus.', '2006-01-11 07:42:55');
INSERT INTO `posts` (`user_id`, `body`, `created_at`) VALUES (42, 'Maxime nobis nobis ea reiciendis sit. Est aut enim veniam mollitia voluptatum. Eius non dolorem sequi atque quod rem ea. Adipisci quos voluptatem rerum architecto.', '2007-01-24 13:52:18');
INSERT INTO `posts` (`user_id`, `body`, `created_at`) VALUES (43, 'Tenetur non molestiae minus similique qui ullam. Deserunt atque temporibus est dolore dolor dignissimos tempore. Laudantium eum et odio. Vel praesentium incidunt ad aut illo odio laboriosam.', '2007-01-14 01:43:55');
INSERT INTO `posts` (`user_id`, `body`, `created_at`) VALUES (44, 'Eius consequatur deleniti suscipit eligendi et rerum sed omnis. Voluptates est ut iure mollitia excepturi aliquam nihil. Doloremque fugit omnis iste impedit omnis hic et.', '1976-05-24 23:34:35');
INSERT INTO `posts` (`user_id`, `body`, `created_at`) VALUES (45, 'Et eum ut architecto saepe similique consequatur. Minima quia maiores rerum labore et ad. Omnis voluptatem inventore nemo. Voluptatum est tenetur officia amet aut quia soluta reprehenderit.', '1976-02-29 07:37:06');
INSERT INTO `posts` (`user_id`, `body`, `created_at`) VALUES (46, 'Eveniet voluptatem non quibusdam occaecati blanditiis. Suscipit aut quia libero illo. Quidem perspiciatis voluptatem dolorum ducimus consectetur qui corporis. Sint velit voluptatem et numquam harum.', '2003-04-17 08:22:49');
INSERT INTO `posts` (`user_id`, `body`, `created_at`) VALUES (47, 'Ad commodi corrupti asperiores debitis sit et. Error qui vel omnis et eos repellat. Consequatur qui eveniet iure velit consequuntur harum deserunt eum. Voluptate odit et vel dolorem in mollitia aliquid. Dicta et soluta quia id.', '2000-04-12 22:21:40');
INSERT INTO `posts` (`user_id`, `body`, `created_at`) VALUES (48, 'Mollitia neque eveniet quaerat. In eum dolor suscipit. Ducimus molestias cumque eum itaque. Omnis distinctio aspernatur et inventore nesciunt excepturi.', '1991-12-20 12:19:54');
INSERT INTO `posts` (`user_id`, `body`, `created_at`) VALUES (49, 'Vel repellendus quidem impedit repellendus repellendus voluptatibus. Aut sit magni assumenda vel velit sit. Quia vel labore velit exercitationem. Voluptate optio ipsa qui perferendis.', '2014-04-25 17:33:30');
INSERT INTO `posts` (`user_id`, `body`, `created_at`) VALUES (50, 'Voluptatem maxime est vitae. Ea eum possimus quia eum voluptatem nulla. Inventore animi id consequatur est et consequatur. Eligendi dolore est eum quos. Est doloremque neque unde dolorem.', '2016-10-31 06:09:36');
INSERT INTO `posts` (`user_id`, `body`, `created_at`) VALUES (51, 'Rerum facilis maiores molestiae excepturi. Aut laboriosam in atque et vitae. Totam dolorum dicta fugit aut sit quo. Incidunt debitis blanditiis et ab accusantium et est.', '1981-10-29 21:26:36');
INSERT INTO `posts` (`user_id`, `body`, `created_at`) VALUES (52, 'Iure ex amet consequatur est cum corporis facere sit. Omnis quis autem voluptate sed quia quasi. Nisi amet illum et officia. Repellendus voluptas qui dolore ratione non.', '2019-02-04 05:17:39');
INSERT INTO `posts` (`user_id`, `body`, `created_at`) VALUES (53, 'Ratione quia non non distinctio. Quo ipsa ullam necessitatibus nemo consequatur minus. Accusantium et molestias doloremque voluptatum. Ut nihil velit est tenetur nostrum.', '1974-12-03 18:22:03');
INSERT INTO `posts` (`user_id`, `body`, `created_at`) VALUES (54, 'Et ipsum ut minima. Cum occaecati in quaerat similique eaque illo et. A temporibus voluptatem tempora veritatis ratione doloribus earum. Laudantium officiis sed voluptas et nemo suscipit.', '2014-12-19 21:53:47');
INSERT INTO `posts` (`user_id`, `body`, `created_at`) VALUES (55, 'Eius perspiciatis aut beatae facilis in. Qui libero reprehenderit et rem. Omnis sequi eveniet quod hic quas aut et. Soluta ut illum totam nemo cum eligendi.', '1988-03-29 13:38:35');
INSERT INTO `posts` (`user_id`, `body`, `created_at`) VALUES (56, 'Aliquid iusto possimus provident tempora. Dolore ex tempora praesentium voluptas rerum dicta officia recusandae. Dolor rerum voluptatem quia laborum nemo dicta eligendi. Vel et accusamus dolor. Eos aut laboriosam doloribus officia sapiente.', '1997-06-16 18:49:00');
INSERT INTO `posts` (`user_id`, `body`, `created_at`) VALUES (57, 'Quia eum provident ut incidunt cumque voluptatem. Earum nulla inventore labore sed optio quae dolore. Praesentium reprehenderit sed quis voluptatem porro. Assumenda voluptatem eum accusantium aperiam rerum totam quia.', '1993-08-29 18:00:36');
INSERT INTO `posts` (`user_id`, `body`, `created_at`) VALUES (58, 'Et soluta mollitia vitae eaque dignissimos vel. Voluptas et enim aliquid pariatur. Sed nihil perspiciatis rem enim ea eos. Pariatur exercitationem deserunt voluptatum sit ad rerum labore. Dolores dignissimos perspiciatis exercitationem.', '1991-07-10 12:01:07');
INSERT INTO `posts` (`user_id`, `body`, `created_at`) VALUES (59, 'Aut qui labore rerum qui ullam. Ut est ullam molestiae amet esse eos. Nam ut ex vitae architecto laborum voluptatem quia.', '2001-04-03 10:39:21');
INSERT INTO `posts` (`user_id`, `body`, `created_at`) VALUES (60, 'Rerum quibusdam omnis rerum deleniti culpa. Mollitia consequatur ut sapiente. Qui quo quia nulla corporis unde officiis dolor. Fugit non quisquam recusandae eius nam nihil quo. Pariatur reprehenderit est mollitia neque ut est ut.', '1975-05-11 00:48:45');
INSERT INTO `posts` (`user_id`, `body`, `created_at`) VALUES (61, 'Sed accusamus cum porro odit facilis ut assumenda. Porro voluptas ratione asperiores illum deserunt error qui asperiores. Ipsum ullam facilis quos voluptate deleniti.', '1983-05-15 03:51:47');
INSERT INTO `posts` (`user_id`, `body`, `created_at`) VALUES (62, 'Quasi ea distinctio nihil harum molestiae qui sint ipsum. Perspiciatis dignissimos et minus qui. Magnam est officia delectus debitis. Cumque atque cumque ducimus non quibusdam quia.', '1974-05-02 15:14:15');
INSERT INTO `posts` (`user_id`, `body`, `created_at`) VALUES (63, 'Saepe voluptatibus omnis ut exercitationem id omnis. Ut a odio aut. Eos consequatur facilis molestiae neque ab laboriosam.', '1990-04-01 09:31:22');
INSERT INTO `posts` (`user_id`, `body`, `created_at`) VALUES (64, 'Distinctio quaerat quaerat ut facilis labore porro. Ab sequi tempora porro quia est voluptatem animi similique. Aut explicabo aut ad voluptatem sunt impedit voluptatem magni.', '1972-09-02 06:06:42');
INSERT INTO `posts` (`user_id`, `body`, `created_at`) VALUES (65, 'Reiciendis deleniti corporis facere beatae dolor dolor. Cumque optio fuga unde delectus corporis ut reprehenderit quasi. Dolorem numquam incidunt ut aperiam. Ipsam explicabo quia quis corrupti saepe.', '1990-02-08 05:58:21');
INSERT INTO `posts` (`user_id`, `body`, `created_at`) VALUES (66, 'Nesciunt nobis eos non maxime neque. Expedita blanditiis ut illo in officiis et fugit. Soluta omnis enim sit tempore.', '1986-04-30 16:21:57');
INSERT INTO `posts` (`user_id`, `body`, `created_at`) VALUES (67, 'Aut cupiditate quo eius fuga modi nisi et est. Aspernatur porro culpa exercitationem nihil et omnis. Dignissimos est aut nihil et magni architecto animi possimus.', '1991-07-09 23:34:43');
INSERT INTO `posts` (`user_id`, `body`, `created_at`) VALUES (68, 'Dolore voluptas quis quia. Modi odio et sed eaque. Reprehenderit quae et in pariatur accusantium temporibus. Aliquam amet accusantium dolorem optio.', '2003-12-23 08:50:12');
INSERT INTO `posts` (`user_id`, `body`, `created_at`) VALUES (69, 'Dolorem qui id vel. Laudantium blanditiis aut adipisci ab. Aliquam aut aut magnam libero. Quidem et qui sunt incidunt sunt rerum sint.', '1980-01-04 21:22:16');
INSERT INTO `posts` (`user_id`, `body`, `created_at`) VALUES (70, 'Omnis aliquid debitis et id et distinctio. Eum et dolores quas ullam quasi.', '1988-04-26 23:44:01');
INSERT INTO `posts` (`user_id`, `body`, `created_at`) VALUES (71, 'Velit aut sint cupiditate repellendus voluptatem repudiandae. Commodi et et vel ea. Voluptatibus aut quae et.', '2019-05-29 14:24:43');
INSERT INTO `posts` (`user_id`, `body`, `created_at`) VALUES (72, 'Voluptatibus et illum et sint porro dolores qui. Et quos quia nihil voluptas dolores ipsum animi. In ullam aut rerum quo iste voluptas tempora. Quo nemo vitae ut ab.', '2003-07-08 11:17:11');
INSERT INTO `posts` (`user_id`, `body`, `created_at`) VALUES (73, 'Culpa esse ducimus quis temporibus excepturi quibusdam sed. Laborum architecto iure quos ut tenetur magnam. Vitae accusantium enim quasi similique nisi voluptatem eos. Nisi possimus quam odit autem temporibus sequi.', '2001-10-25 12:15:32');
INSERT INTO `posts` (`user_id`, `body`, `created_at`) VALUES (74, 'Dolor autem consequatur debitis. Repellendus veritatis reprehenderit labore fugiat tempora ab iste. Quasi eaque nobis ratione qui et commodi.', '2018-09-28 06:39:36');
INSERT INTO `posts` (`user_id`, `body`, `created_at`) VALUES (75, 'Amet et quia labore fugiat quo voluptas. Voluptatem sed quo reiciendis iste. Et aliquam ut est aut molestiae fugiat.', '2000-02-04 01:44:24');
INSERT INTO `posts` (`user_id`, `body`, `created_at`) VALUES (76, 'Sit ex tenetur est amet. Perspiciatis qui ea aut id. Ex et qui dicta molestiae.', '1998-03-24 04:58:33');
INSERT INTO `posts` (`user_id`, `body`, `created_at`) VALUES (77, 'Quia modi dolorum ad hic. In voluptatibus est voluptatem doloremque. Ut magnam tenetur maiores nemo at eos rerum.', '1980-10-17 10:54:34');
INSERT INTO `posts` (`user_id`, `body`, `created_at`) VALUES (78, 'Est et et tempora accusamus quasi culpa. Et quas reprehenderit quis impedit aut saepe. Provident illo facilis quis cumque odit. Sit molestiae deserunt vel quo.', '2018-09-21 20:00:33');
INSERT INTO `posts` (`user_id`, `body`, `created_at`) VALUES (79, 'Aperiam soluta qui ipsam id. Minima aut cupiditate sunt similique aut blanditiis adipisci. Occaecati aut distinctio dolores. Porro vitae numquam dolorem nemo voluptatibus alias.', '1980-01-02 20:22:38');
INSERT INTO `posts` (`user_id`, `body`, `created_at`) VALUES (80, 'Porro labore fugiat quis rerum illo est voluptate tenetur. Aut natus ut quo repellat illum fuga sapiente itaque. Neque fugit omnis amet ea qui.', '2008-08-19 12:09:02');
INSERT INTO `posts` (`user_id`, `body`, `created_at`) VALUES (81, 'Ut nihil doloremque ducimus adipisci omnis officiis. Aspernatur est adipisci accusamus autem consequatur neque. Qui nemo hic enim odio recusandae ducimus autem ex. Amet tenetur aut est aut.', '1989-03-15 07:31:03');
INSERT INTO `posts` (`user_id`, `body`, `created_at`) VALUES (82, 'Rerum eligendi et eos et et qui harum illum. Quia temporibus eaque magni ut eos. Deserunt eos sit perspiciatis earum.', '1975-09-02 03:12:57');
INSERT INTO `posts` (`user_id`, `body`, `created_at`) VALUES (83, 'Animi expedita dolores corporis nobis distinctio magni delectus. Earum sequi ea numquam quas recusandae praesentium. Delectus eum et quo et ut est doloribus. Quas est autem quaerat quae.', '1978-01-04 22:11:05');
INSERT INTO `posts` (`user_id`, `body`, `created_at`) VALUES (84, 'Consectetur aut saepe et quam dolores repellat deserunt. Porro perferendis qui dolorem sed itaque fugit quaerat cupiditate. Est aut soluta sed exercitationem.', '2014-03-29 00:07:44');
INSERT INTO `posts` (`user_id`, `body`, `created_at`) VALUES (85, 'Minus adipisci consequatur voluptas dolorem doloremque minus deleniti. Quibusdam nihil dolorem odit voluptatibus doloribus. Ut omnis dolorum esse dolor officiis provident autem.', '1996-10-09 07:19:13');
INSERT INTO `posts` (`user_id`, `body`, `created_at`) VALUES (86, 'Modi consequatur voluptatem illum. Quam impedit non facere fugiat eius. Perspiciatis a neque aspernatur amet porro.', '2005-12-19 00:15:21');
INSERT INTO `posts` (`user_id`, `body`, `created_at`) VALUES (87, 'Inventore qui qui necessitatibus sapiente praesentium ut. Voluptas magnam dignissimos qui non cupiditate a maxime. Sed sit sapiente optio. Eius rerum fuga perspiciatis.', '1976-11-24 14:24:27');
INSERT INTO `posts` (`user_id`, `body`, `created_at`) VALUES (88, 'Aut autem voluptate atque commodi ad. Ut dolorem et ipsum eos. Est quia nostrum repudiandae et aut veritatis. Itaque quasi dolores voluptas voluptatem. Beatae et exercitationem repellendus est autem et.', '1988-03-30 09:26:35');
INSERT INTO `posts` (`user_id`, `body`, `created_at`) VALUES (89, 'Nihil debitis autem suscipit repellat facere ex voluptates. Voluptas culpa error natus animi. Qui occaecati dolor ducimus nulla.', '1980-01-15 12:58:04');
INSERT INTO `posts` (`user_id`, `body`, `created_at`) VALUES (90, 'Similique impedit aut et molestias. Qui adipisci voluptatem impedit autem consequuntur quis. Quis dolore placeat consequatur exercitationem veritatis. Quam voluptas non incidunt dolorem cumque ducimus provident.', '2016-06-07 17:32:54');
INSERT INTO `posts` (`user_id`, `body`, `created_at`) VALUES (91, 'Saepe illum similique rerum voluptatem maxime vitae. Qui quia voluptas voluptatem consequatur voluptatibus quisquam hic occaecati.', '1997-06-09 00:22:18');
INSERT INTO `posts` (`user_id`, `body`, `created_at`) VALUES (92, 'Error sapiente sunt et ea consectetur aliquam amet. Nulla optio earum et aut dignissimos mollitia. Voluptatem aliquam et ea quis provident reiciendis.', '1990-04-20 16:36:10');
INSERT INTO `posts` (`user_id`, `body`, `created_at`) VALUES (93, 'Minima placeat nihil id quo neque. Iste ipsum veritatis nostrum suscipit consequuntur. Ut minus sit veniam omnis voluptatem iure praesentium.', '1984-06-02 09:32:17');
INSERT INTO `posts` (`user_id`, `body`, `created_at`) VALUES (94, 'Soluta ea non perspiciatis omnis. Dolor et facilis libero qui ullam. Qui cum voluptatem sunt quod distinctio voluptatibus. Cum veritatis temporibus aut ex ab dolorem voluptatem.', '1989-04-14 08:33:29');
INSERT INTO `posts` (`user_id`, `body`, `created_at`) VALUES (95, 'Voluptates non itaque velit et rem. Tempora consequuntur sit iusto ipsam in ipsa aut. Dolorem qui eum quibusdam laudantium.', '2015-03-09 12:00:52');
INSERT INTO `posts` (`user_id`, `body`, `created_at`) VALUES (96, 'Numquam dolores temporibus veritatis similique quas vel fugiat. Rerum fugiat qui vel consequuntur maxime tempora sed. Aspernatur odio sunt incidunt tempore. Ut est quibusdam sequi quibusdam. Dolor eos quasi optio rem est consequuntur.', '1978-09-08 00:10:54');
INSERT INTO `posts` (`user_id`, `body`, `created_at`) VALUES (97, 'Nam dolor consequatur totam sunt. In accusamus quis itaque est illo. Alias sed nobis maiores quasi nobis sunt. Aut repellat explicabo inventore voluptas cupiditate ipsum consectetur.', '2006-04-27 11:47:32');
INSERT INTO `posts` (`user_id`, `body`, `created_at`) VALUES (98, 'Voluptatum voluptas incidunt sunt nihil nisi ad sequi. Quis dolor a qui. Nemo aut et labore nulla odio ut. Amet aliquid vero dolores minima cumque sed inventore. Odit dolores sunt corporis tempora velit mollitia sed atque.', '1980-11-19 16:05:46');
INSERT INTO `posts` (`user_id`, `body`, `created_at`) VALUES (99, 'Est voluptate reiciendis sapiente aut qui ratione amet voluptatem. Similique recusandae quis facilis. Et quis et optio voluptates sapiente.', '1977-08-02 16:42:04');
INSERT INTO `posts` (`user_id`, `body`, `created_at`) VALUES (100, 'Eligendi eaque impedit quisquam. Quis et reiciendis aperiam nam. Ut soluta laborum neque molestiae architecto. Suscipit quibusdam ratione sapiente magnam qui.', '2007-02-10 01:47:16');


#
# TABLE STRUCTURE FOR: profiles
#

DROP TABLE IF EXISTS `profiles`;

CREATE TABLE `profiles` (
  `user_id` int(10) unsigned NOT NULL,
  `sex` char(1) COLLATE utf8_unicode_ci NOT NULL,
  `birthday` date DEFAULT NULL,
  `hometown` varchar(100) COLLATE utf8_unicode_ci DEFAULT NULL,
  `photo_id` int(10) unsigned NOT NULL,
  PRIMARY KEY (`user_id`)
) ENGINE=InnoDB DEFAULT CHARSET=utf8 COLLATE=utf8_unicode_ci;

INSERT INTO `profiles` (`user_id`, `sex`, `birthday`, `hometown`, `photo_id`) VALUES (1, 'f', '2003-06-27', 'New', 61);
INSERT INTO `profiles` (`user_id`, `sex`, `birthday`, `hometown`, `photo_id`) VALUES (2, 'm', '1992-06-15', 'New', 83);
INSERT INTO `profiles` (`user_id`, `sex`, `birthday`, `hometown`, `photo_id`) VALUES (3, 'm', '2016-09-26', 'South', 12);
INSERT INTO `profiles` (`user_id`, `sex`, `birthday`, `hometown`, `photo_id`) VALUES (4, 'f', '2011-09-18', 'North', 60);
INSERT INTO `profiles` (`user_id`, `sex`, `birthday`, `hometown`, `photo_id`) VALUES (5, 'f', '1996-08-10', 'North', 33);
INSERT INTO `profiles` (`user_id`, `sex`, `birthday`, `hometown`, `photo_id`) VALUES (6, 'f', '1977-10-04', 'New', 54);
INSERT INTO `profiles` (`user_id`, `sex`, `birthday`, `hometown`, `photo_id`) VALUES (7, 'f', '2000-04-09', 'West', 91);
INSERT INTO `profiles` (`user_id`, `sex`, `birthday`, `hometown`, `photo_id`) VALUES (8, 'm', '1992-04-07', 'South', 70);
INSERT INTO `profiles` (`user_id`, `sex`, `birthday`, `hometown`, `photo_id`) VALUES (9, 'f', '2011-02-12', 'North', 40);
INSERT INTO `profiles` (`user_id`, `sex`, `birthday`, `hometown`, `photo_id`) VALUES (10, 'm', '2009-04-13', 'Lake', 41);
INSERT INTO `profiles` (`user_id`, `sex`, `birthday`, `hometown`, `photo_id`) VALUES (11, 'm', '1991-11-12', 'Lake', 69);
INSERT INTO `profiles` (`user_id`, `sex`, `birthday`, `hometown`, `photo_id`) VALUES (12, 'f', '1977-08-04', 'New', 3);
INSERT INTO `profiles` (`user_id`, `sex`, `birthday`, `hometown`, `photo_id`) VALUES (13, 'f', '1976-05-23', 'New', 63);
INSERT INTO `profiles` (`user_id`, `sex`, `birthday`, `hometown`, `photo_id`) VALUES (14, 'm', '2011-03-27', 'South', 52);
INSERT INTO `profiles` (`user_id`, `sex`, `birthday`, `hometown`, `photo_id`) VALUES (15, 'm', '1983-06-15', 'Lake', 31);
INSERT INTO `profiles` (`user_id`, `sex`, `birthday`, `hometown`, `photo_id`) VALUES (16, 'm', '2017-03-18', 'South', 93);
INSERT INTO `profiles` (`user_id`, `sex`, `birthday`, `hometown`, `photo_id`) VALUES (17, 'm', '1990-05-29', 'West', 34);
INSERT INTO `profiles` (`user_id`, `sex`, `birthday`, `hometown`, `photo_id`) VALUES (18, 'm', '1986-09-14', 'East', 97);
INSERT INTO `profiles` (`user_id`, `sex`, `birthday`, `hometown`, `photo_id`) VALUES (19, 'm', '1985-07-21', 'New', 17);
INSERT INTO `profiles` (`user_id`, `sex`, `birthday`, `hometown`, `photo_id`) VALUES (20, 'f', '1989-11-24', 'North', 62);
INSERT INTO `profiles` (`user_id`, `sex`, `birthday`, `hometown`, `photo_id`) VALUES (21, 'm', '2011-08-28', 'North', 37);
INSERT INTO `profiles` (`user_id`, `sex`, `birthday`, `hometown`, `photo_id`) VALUES (22, 'm', '1995-07-15', 'Port', 36);
INSERT INTO `profiles` (`user_id`, `sex`, `birthday`, `hometown`, `photo_id`) VALUES (23, 'm', '2001-04-05', 'East', 24);
INSERT INTO `profiles` (`user_id`, `sex`, `birthday`, `hometown`, `photo_id`) VALUES (24, 'm', '2002-08-20', 'West', 5);
INSERT INTO `profiles` (`user_id`, `sex`, `birthday`, `hometown`, `photo_id`) VALUES (25, 'f', '2019-02-28', 'New', 67);
INSERT INTO `profiles` (`user_id`, `sex`, `birthday`, `hometown`, `photo_id`) VALUES (26, 'f', '2006-08-31', 'New', 19);
INSERT INTO `profiles` (`user_id`, `sex`, `birthday`, `hometown`, `photo_id`) VALUES (27, 'm', '2016-07-04', 'East', 56);
INSERT INTO `profiles` (`user_id`, `sex`, `birthday`, `hometown`, `photo_id`) VALUES (28, 'f', '2017-02-23', 'New', 89);
INSERT INTO `profiles` (`user_id`, `sex`, `birthday`, `hometown`, `photo_id`) VALUES (29, 'm', '1978-04-28', 'East', 30);
INSERT INTO `profiles` (`user_id`, `sex`, `birthday`, `hometown`, `photo_id`) VALUES (30, 'm', '1989-09-06', 'Lake', 38);
INSERT INTO `profiles` (`user_id`, `sex`, `birthday`, `hometown`, `photo_id`) VALUES (31, 'f', '2019-08-11', 'Port', 11);
INSERT INTO `profiles` (`user_id`, `sex`, `birthday`, `hometown`, `photo_id`) VALUES (32, 'm', '2011-07-12', 'North', 88);
INSERT INTO `profiles` (`user_id`, `sex`, `birthday`, `hometown`, `photo_id`) VALUES (33, 'm', '1980-06-07', 'North', 45);
INSERT INTO `profiles` (`user_id`, `sex`, `birthday`, `hometown`, `photo_id`) VALUES (34, 'f', '1988-12-13', 'South', 8);
INSERT INTO `profiles` (`user_id`, `sex`, `birthday`, `hometown`, `photo_id`) VALUES (35, 'm', '2009-07-31', 'North', 55);
INSERT INTO `profiles` (`user_id`, `sex`, `birthday`, `hometown`, `photo_id`) VALUES (36, 'm', '2008-02-07', 'West', 90);
INSERT INTO `profiles` (`user_id`, `sex`, `birthday`, `hometown`, `photo_id`) VALUES (37, 'm', '2000-12-29', 'East', 84);
INSERT INTO `profiles` (`user_id`, `sex`, `birthday`, `hometown`, `photo_id`) VALUES (38, 'm', '1991-10-30', 'Port', 25);
INSERT INTO `profiles` (`user_id`, `sex`, `birthday`, `hometown`, `photo_id`) VALUES (39, 'f', '1998-04-17', 'East', 26);
INSERT INTO `profiles` (`user_id`, `sex`, `birthday`, `hometown`, `photo_id`) VALUES (40, 'f', '1999-06-17', 'New', 27);
INSERT INTO `profiles` (`user_id`, `sex`, `birthday`, `hometown`, `photo_id`) VALUES (41, 'f', '2008-04-01', 'New', 100);
INSERT INTO `profiles` (`user_id`, `sex`, `birthday`, `hometown`, `photo_id`) VALUES (42, 'm', '1981-03-05', 'North', 73);
INSERT INTO `profiles` (`user_id`, `sex`, `birthday`, `hometown`, `photo_id`) VALUES (43, 'f', '2016-03-25', 'North', 86);
INSERT INTO `profiles` (`user_id`, `sex`, `birthday`, `hometown`, `photo_id`) VALUES (44, 'f', '2016-06-01', 'West', 74);
INSERT INTO `profiles` (`user_id`, `sex`, `birthday`, `hometown`, `photo_id`) VALUES (45, 'm', '1977-07-11', 'South', 29);
INSERT INTO `profiles` (`user_id`, `sex`, `birthday`, `hometown`, `photo_id`) VALUES (46, 'm', '1980-07-13', 'South', 53);
INSERT INTO `profiles` (`user_id`, `sex`, `birthday`, `hometown`, `photo_id`) VALUES (47, 'm', '2005-04-26', 'West', 14);
INSERT INTO `profiles` (`user_id`, `sex`, `birthday`, `hometown`, `photo_id`) VALUES (48, 'f', '1982-10-26', 'East', 71);
INSERT INTO `profiles` (`user_id`, `sex`, `birthday`, `hometown`, `photo_id`) VALUES (49, 'f', '2008-11-16', 'North', 77);
INSERT INTO `profiles` (`user_id`, `sex`, `birthday`, `hometown`, `photo_id`) VALUES (50, 'f', '1977-10-07', 'West', 76);
INSERT INTO `profiles` (`user_id`, `sex`, `birthday`, `hometown`, `photo_id`) VALUES (51, 'm', '1979-06-28', 'East', 22);
INSERT INTO `profiles` (`user_id`, `sex`, `birthday`, `hometown`, `photo_id`) VALUES (52, 'f', '1981-01-28', 'North', 79);
INSERT INTO `profiles` (`user_id`, `sex`, `birthday`, `hometown`, `photo_id`) VALUES (53, 'f', '1989-01-11', 'East', 46);
INSERT INTO `profiles` (`user_id`, `sex`, `birthday`, `hometown`, `photo_id`) VALUES (54, 'f', '2007-12-24', 'Port', 65);
INSERT INTO `profiles` (`user_id`, `sex`, `birthday`, `hometown`, `photo_id`) VALUES (55, 'f', '2010-12-24', 'Port', 66);
INSERT INTO `profiles` (`user_id`, `sex`, `birthday`, `hometown`, `photo_id`) VALUES (56, 'f', '2010-11-08', 'New', 78);
INSERT INTO `profiles` (`user_id`, `sex`, `birthday`, `hometown`, `photo_id`) VALUES (57, 'f', '1973-07-30', 'Lake', 39);
INSERT INTO `profiles` (`user_id`, `sex`, `birthday`, `hometown`, `photo_id`) VALUES (58, 'f', '1974-09-06', 'East', 87);
INSERT INTO `profiles` (`user_id`, `sex`, `birthday`, `hometown`, `photo_id`) VALUES (59, 'm', '1986-12-02', 'North', 28);
INSERT INTO `profiles` (`user_id`, `sex`, `birthday`, `hometown`, `photo_id`) VALUES (60, 'm', '2001-07-21', 'West', 9);
INSERT INTO `profiles` (`user_id`, `sex`, `birthday`, `hometown`, `photo_id`) VALUES (61, 'f', '2002-07-04', 'South', 95);
INSERT INTO `profiles` (`user_id`, `sex`, `birthday`, `hometown`, `photo_id`) VALUES (62, 'm', '2013-11-17', 'South', 15);
INSERT INTO `profiles` (`user_id`, `sex`, `birthday`, `hometown`, `photo_id`) VALUES (63, 'f', '2005-11-05', 'South', 10);
INSERT INTO `profiles` (`user_id`, `sex`, `birthday`, `hometown`, `photo_id`) VALUES (64, 'm', '1978-12-02', 'West', 32);
INSERT INTO `profiles` (`user_id`, `sex`, `birthday`, `hometown`, `photo_id`) VALUES (65, 'f', '2000-11-23', 'New', 99);
INSERT INTO `profiles` (`user_id`, `sex`, `birthday`, `hometown`, `photo_id`) VALUES (66, 'f', '1990-11-08', 'South', 18);
INSERT INTO `profiles` (`user_id`, `sex`, `birthday`, `hometown`, `photo_id`) VALUES (67, 'm', '2007-04-30', 'West', 85);
INSERT INTO `profiles` (`user_id`, `sex`, `birthday`, `hometown`, `photo_id`) VALUES (68, 'f', '2015-08-13', 'New', 98);
INSERT INTO `profiles` (`user_id`, `sex`, `birthday`, `hometown`, `photo_id`) VALUES (69, 'm', '1989-04-05', 'West', 51);
INSERT INTO `profiles` (`user_id`, `sex`, `birthday`, `hometown`, `photo_id`) VALUES (70, 'm', '2014-06-06', 'South', 57);
INSERT INTO `profiles` (`user_id`, `sex`, `birthday`, `hometown`, `photo_id`) VALUES (71, 'f', '1979-05-22', 'New', 7);
INSERT INTO `profiles` (`user_id`, `sex`, `birthday`, `hometown`, `photo_id`) VALUES (72, 'f', '1991-11-30', 'Lake', 64);
INSERT INTO `profiles` (`user_id`, `sex`, `birthday`, `hometown`, `photo_id`) VALUES (73, 'f', '2006-11-16', 'South', 13);
INSERT INTO `profiles` (`user_id`, `sex`, `birthday`, `hometown`, `photo_id`) VALUES (74, 'f', '1985-05-16', 'West', 49);
INSERT INTO `profiles` (`user_id`, `sex`, `birthday`, `hometown`, `photo_id`) VALUES (75, 'f', '2015-04-08', 'West', 35);
INSERT INTO `profiles` (`user_id`, `sex`, `birthday`, `hometown`, `photo_id`) VALUES (76, 'm', '2006-02-25', 'Lake', 72);
INSERT INTO `profiles` (`user_id`, `sex`, `birthday`, `hometown`, `photo_id`) VALUES (77, 'f', '1999-12-05', 'South', 43);
INSERT INTO `profiles` (`user_id`, `sex`, `birthday`, `hometown`, `photo_id`) VALUES (78, 'm', '2016-04-14', 'North', 68);
INSERT INTO `profiles` (`user_id`, `sex`, `birthday`, `hometown`, `photo_id`) VALUES (79, 'f', '2015-02-22', 'North', 48);
INSERT INTO `profiles` (`user_id`, `sex`, `birthday`, `hometown`, `photo_id`) VALUES (80, 'm', '1998-01-01', 'Port', 50);
INSERT INTO `profiles` (`user_id`, `sex`, `birthday`, `hometown`, `photo_id`) VALUES (81, 'm', '1970-01-07', 'South', 4);
INSERT INTO `profiles` (`user_id`, `sex`, `birthday`, `hometown`, `photo_id`) VALUES (82, 'm', '2013-09-20', 'New', 20);
INSERT INTO `profiles` (`user_id`, `sex`, `birthday`, `hometown`, `photo_id`) VALUES (83, 'f', '2013-08-01', 'Lake', 6);
INSERT INTO `profiles` (`user_id`, `sex`, `birthday`, `hometown`, `photo_id`) VALUES (84, 'm', '1974-06-02', 'North', 16);
INSERT INTO `profiles` (`user_id`, `sex`, `birthday`, `hometown`, `photo_id`) VALUES (85, 'f', '1988-03-12', 'New', 94);
INSERT INTO `profiles` (`user_id`, `sex`, `birthday`, `hometown`, `photo_id`) VALUES (86, 'f', '1977-01-30', 'North', 1);
INSERT INTO `profiles` (`user_id`, `sex`, `birthday`, `hometown`, `photo_id`) VALUES (87, 'm', '2012-03-16', 'North', 23);
INSERT INTO `profiles` (`user_id`, `sex`, `birthday`, `hometown`, `photo_id`) VALUES (88, 'm', '1970-04-18', 'North', 47);
INSERT INTO `profiles` (`user_id`, `sex`, `birthday`, `hometown`, `photo_id`) VALUES (89, 'f', '2006-04-15', 'Lake', 44);
INSERT INTO `profiles` (`user_id`, `sex`, `birthday`, `hometown`, `photo_id`) VALUES (90, 'm', '1973-04-29', 'Port', 92);
INSERT INTO `profiles` (`user_id`, `sex`, `birthday`, `hometown`, `photo_id`) VALUES (91, 'm', '1979-11-30', 'East', 59);
INSERT INTO `profiles` (`user_id`, `sex`, `birthday`, `hometown`, `photo_id`) VALUES (92, 'f', '2013-08-16', 'North', 42);
INSERT INTO `profiles` (`user_id`, `sex`, `birthday`, `hometown`, `photo_id`) VALUES (93, 'm', '1981-03-27', 'Lake', 75);
INSERT INTO `profiles` (`user_id`, `sex`, `birthday`, `hometown`, `photo_id`) VALUES (94, 'f', '1990-04-28', 'West', 82);
INSERT INTO `profiles` (`user_id`, `sex`, `birthday`, `hometown`, `photo_id`) VALUES (95, 'f', '1987-11-18', 'East', 80);
INSERT INTO `profiles` (`user_id`, `sex`, `birthday`, `hometown`, `photo_id`) VALUES (96, 'f', '1986-06-18', 'North', 2);
INSERT INTO `profiles` (`user_id`, `sex`, `birthday`, `hometown`, `photo_id`) VALUES (97, 'm', '2007-05-29', 'North', 96);
INSERT INTO `profiles` (`user_id`, `sex`, `birthday`, `hometown`, `photo_id`) VALUES (98, 'm', '2012-07-09', 'East', 58);
INSERT INTO `profiles` (`user_id`, `sex`, `birthday`, `hometown`, `photo_id`) VALUES (99, 'f', '2005-02-16', 'East', 21);
INSERT INTO `profiles` (`user_id`, `sex`, `birthday`, `hometown`, `photo_id`) VALUES (100, 'm', '2007-07-07', 'South', 81);


#
# TABLE STRUCTURE FOR: users
#

DROP TABLE IF EXISTS `users`;

CREATE TABLE `users` (
  `id` int(10) unsigned NOT NULL AUTO_INCREMENT,
  `firstname` varchar(100) COLLATE utf8_unicode_ci NOT NULL,
  `lastname` varchar(100) COLLATE utf8_unicode_ci NOT NULL,
  `email` varchar(120) COLLATE utf8_unicode_ci NOT NULL,
  `phone` varchar(120) COLLATE utf8_unicode_ci NOT NULL,
  `created_at` datetime DEFAULT current_timestamp(),
  `updated_at` datetime DEFAULT current_timestamp() ON UPDATE current_timestamp(),
  PRIMARY KEY (`id`),
  UNIQUE KEY `email` (`email`),
  UNIQUE KEY `phone` (`phone`)
) ENGINE=InnoDB AUTO_INCREMENT=101 DEFAULT CHARSET=utf8 COLLATE=utf8_unicode_ci;

INSERT INTO `users` (`id`, `firstname`, `lastname`, `email`, `phone`, `created_at`, `updated_at`) VALUES (1, 'Brayan', 'Russel', 'lonie62@example.org', '369-549-1028', '2018-03-06 12:25:34', '1994-10-01 23:14:12');
INSERT INTO `users` (`id`, `firstname`, `lastname`, `email`, `phone`, `created_at`, `updated_at`) VALUES (2, 'Jarrett', 'Pfannerstill', 'huel.lyla@example.org', '(699)196-9284x84417', '2005-04-22 10:11:21', '1978-04-18 23:23:41');
INSERT INTO `users` (`id`, `firstname`, `lastname`, `email`, `phone`, `created_at`, `updated_at`) VALUES (3, 'Josianne', 'Renner', 'karina85@example.net', '635-638-3560x28830', '2019-08-04 22:56:57', '2009-11-23 09:15:08');
INSERT INTO `users` (`id`, `firstname`, `lastname`, `email`, `phone`, `created_at`, `updated_at`) VALUES (4, 'Guadalupe', 'Boehm', 'fhayes@example.com', '1-183-834-2142x097', '1992-10-20 21:04:13', '1977-07-05 23:22:16');
INSERT INTO `users` (`id`, `firstname`, `lastname`, `email`, `phone`, `created_at`, `updated_at`) VALUES (5, 'Ervin', 'O\'Conner', 'dave93@example.net', '(530)245-8688x3337', '1991-12-07 19:52:24', '1971-07-23 17:51:16');
INSERT INTO `users` (`id`, `firstname`, `lastname`, `email`, `phone`, `created_at`, `updated_at`) VALUES (6, 'Aaron', 'Tromp', 'jakob.bergstrom@example.org', '286.959.4904', '1980-02-20 08:05:46', '1979-11-01 20:57:07');
INSERT INTO `users` (`id`, `firstname`, `lastname`, `email`, `phone`, `created_at`, `updated_at`) VALUES (7, 'Geraldine', 'Littel', 'terrence.kemmer@example.net', '741-407-4076x0088', '1996-08-10 10:31:01', '1988-03-05 01:11:22');
INSERT INTO `users` (`id`, `firstname`, `lastname`, `email`, `phone`, `created_at`, `updated_at`) VALUES (8, 'Frederique', 'Yost', 'pbrown@example.org', '(389)875-2879', '2006-02-13 04:25:56', '1976-04-23 12:03:38');
INSERT INTO `users` (`id`, `firstname`, `lastname`, `email`, `phone`, `created_at`, `updated_at`) VALUES (9, 'Kennedi', 'Metz', 'semard@example.org', '827.330.7351x4255', '2012-05-30 12:13:16', '1987-03-01 04:47:04');
INSERT INTO `users` (`id`, `firstname`, `lastname`, `email`, `phone`, `created_at`, `updated_at`) VALUES (10, 'Dasia', 'Roob', 'block.kaleb@example.com', '213.617.8254', '1978-11-27 10:34:10', '2001-08-27 13:21:36');
INSERT INTO `users` (`id`, `firstname`, `lastname`, `email`, `phone`, `created_at`, `updated_at`) VALUES (11, 'Cierra', 'Price', 'funk.kane@example.org', '1-172-576-5214x8988', '2002-06-20 10:40:28', '1985-10-11 05:44:21');
INSERT INTO `users` (`id`, `firstname`, `lastname`, `email`, `phone`, `created_at`, `updated_at`) VALUES (12, 'Terrell', 'Davis', 'mante.tyree@example.org', '587.355.8487x4669', '2003-09-18 11:32:18', '1980-08-09 19:19:49');
INSERT INTO `users` (`id`, `firstname`, `lastname`, `email`, `phone`, `created_at`, `updated_at`) VALUES (13, 'Dalton', 'Murray', 'fhoeger@example.org', '1-617-450-4163x57790', '1997-10-24 20:26:11', '1979-04-05 07:23:57');
INSERT INTO `users` (`id`, `firstname`, `lastname`, `email`, `phone`, `created_at`, `updated_at`) VALUES (14, 'Heaven', 'Schmeler', 'alexandrea17@example.org', '1-537-642-6387', '2015-07-04 12:39:22', '2016-11-24 00:08:08');
INSERT INTO `users` (`id`, `firstname`, `lastname`, `email`, `phone`, `created_at`, `updated_at`) VALUES (15, 'Remington', 'Koelpin', 'gbruen@example.com', '+11(2)1764252565', '1993-08-22 09:55:27', '2004-09-15 04:27:41');
INSERT INTO `users` (`id`, `firstname`, `lastname`, `email`, `phone`, `created_at`, `updated_at`) VALUES (16, 'Shad', 'Blick', 'o\'conner.tess@example.org', '522.281.0325', '1986-07-07 10:03:28', '1977-09-09 00:46:17');
INSERT INTO `users` (`id`, `firstname`, `lastname`, `email`, `phone`, `created_at`, `updated_at`) VALUES (17, 'Roscoe', 'Weissnat', 'harrison11@example.com', '1-750-795-4407x32356', '1982-07-17 16:52:05', '1971-03-20 00:08:30');
INSERT INTO `users` (`id`, `firstname`, `lastname`, `email`, `phone`, `created_at`, `updated_at`) VALUES (18, 'Virgie', 'Goldner', 'scummerata@example.net', '(077)685-2472x6429', '2002-04-01 21:08:55', '1984-07-20 08:15:24');
INSERT INTO `users` (`id`, `firstname`, `lastname`, `email`, `phone`, `created_at`, `updated_at`) VALUES (19, 'Emma', 'Kirlin', 'cordia.cremin@example.com', '571-230-0629x923', '1997-09-17 06:02:12', '2015-02-12 02:59:34');
INSERT INTO `users` (`id`, `firstname`, `lastname`, `email`, `phone`, `created_at`, `updated_at`) VALUES (20, 'Kristoffer', 'Nolan', 'zschaefer@example.org', '(414)495-7968', '1973-04-02 20:12:09', '2015-01-13 15:30:51');
INSERT INTO `users` (`id`, `firstname`, `lastname`, `email`, `phone`, `created_at`, `updated_at`) VALUES (21, 'Bailee', 'Dibbert', 'xgoldner@example.com', '055.734.5131', '2016-09-27 21:33:43', '2002-04-14 23:25:21');
INSERT INTO `users` (`id`, `firstname`, `lastname`, `email`, `phone`, `created_at`, `updated_at`) VALUES (22, 'Larry', 'O\'Connell', 'ogreen@example.org', '(066)379-3850', '1975-08-12 18:48:44', '1980-01-30 09:49:11');
INSERT INTO `users` (`id`, `firstname`, `lastname`, `email`, `phone`, `created_at`, `updated_at`) VALUES (23, 'Francisca', 'Hettinger', 'rosina55@example.org', '241-539-0001x059', '1976-05-23 06:53:05', '1992-01-25 09:20:48');
INSERT INTO `users` (`id`, `firstname`, `lastname`, `email`, `phone`, `created_at`, `updated_at`) VALUES (24, 'Alvena', 'Kautzer', 'lee.runolfsson@example.net', '1-038-161-8416', '2001-02-24 23:36:14', '1979-08-13 14:11:14');
INSERT INTO `users` (`id`, `firstname`, `lastname`, `email`, `phone`, `created_at`, `updated_at`) VALUES (25, 'Tiana', 'Kunze', 'hintz.lou@example.org', '(948)218-2360', '1981-08-30 20:01:12', '1980-02-10 15:12:44');
INSERT INTO `users` (`id`, `firstname`, `lastname`, `email`, `phone`, `created_at`, `updated_at`) VALUES (26, 'Don', 'Franecki', 'gilberto.maggio@example.org', '667-350-3101x30897', '1996-09-15 09:00:09', '2011-10-13 07:04:39');
INSERT INTO `users` (`id`, `firstname`, `lastname`, `email`, `phone`, `created_at`, `updated_at`) VALUES (27, 'Hettie', 'Howe', 'henriette.friesen@example.net', '230-806-6200', '2002-01-28 03:24:54', '2013-03-05 21:11:10');
INSERT INTO `users` (`id`, `firstname`, `lastname`, `email`, `phone`, `created_at`, `updated_at`) VALUES (28, 'Isaac', 'Eichmann', 'anika.kling@example.org', '(138)818-0674', '1986-10-15 00:27:19', '1991-02-28 16:19:23');
INSERT INTO `users` (`id`, `firstname`, `lastname`, `email`, `phone`, `created_at`, `updated_at`) VALUES (29, 'Rowena', 'Schneider', 'akunze@example.com', '625-215-8255x8378', '1975-09-13 02:08:13', '2000-05-22 00:06:14');
INSERT INTO `users` (`id`, `firstname`, `lastname`, `email`, `phone`, `created_at`, `updated_at`) VALUES (30, 'Tristian', 'Bogan', 'armani79@example.net', '658.656.9452x05735', '1995-07-30 02:16:40', '2002-12-17 13:36:46');
INSERT INTO `users` (`id`, `firstname`, `lastname`, `email`, `phone`, `created_at`, `updated_at`) VALUES (31, 'Rachel', 'Jacobi', 'toni94@example.org', '628-943-3351x91566', '1984-04-05 03:21:13', '2016-05-09 15:42:16');
INSERT INTO `users` (`id`, `firstname`, `lastname`, `email`, `phone`, `created_at`, `updated_at`) VALUES (32, 'Orville', 'Collins', 'flatley.judge@example.net', '1-706-882-5765', '2019-01-13 12:01:30', '2007-03-28 05:54:13');
INSERT INTO `users` (`id`, `firstname`, `lastname`, `email`, `phone`, `created_at`, `updated_at`) VALUES (33, 'Rudy', 'Greenfelder', 'stone.ziemann@example.net', '06757247346', '1993-08-18 04:44:47', '1987-02-11 18:55:14');
INSERT INTO `users` (`id`, `firstname`, `lastname`, `email`, `phone`, `created_at`, `updated_at`) VALUES (34, 'Nico', 'Metz', 'tlubowitz@example.net', '(536)844-5034x43430', '2017-04-12 10:02:15', '1980-09-21 18:38:32');
INSERT INTO `users` (`id`, `firstname`, `lastname`, `email`, `phone`, `created_at`, `updated_at`) VALUES (35, 'Dallas', 'Hoeger', 'chilpert@example.com', '389.222.2925', '1997-05-07 19:33:31', '2015-06-22 03:05:59');
INSERT INTO `users` (`id`, `firstname`, `lastname`, `email`, `phone`, `created_at`, `updated_at`) VALUES (36, 'Stefan', 'Schamberger', 'farrell.grayce@example.com', '1-001-630-8338', '1991-03-31 11:43:49', '2004-11-09 10:23:51');
INSERT INTO `users` (`id`, `firstname`, `lastname`, `email`, `phone`, `created_at`, `updated_at`) VALUES (37, 'Jaleel', 'DuBuque', 'clement.daniel@example.org', '130.277.1263x3167', '1974-08-18 11:17:48', '2015-02-25 01:15:58');
INSERT INTO `users` (`id`, `firstname`, `lastname`, `email`, `phone`, `created_at`, `updated_at`) VALUES (38, 'Ana', 'Beer', 'delmer.walter@example.com', '(549)444-4118x67150', '2017-11-24 15:54:22', '1992-03-01 16:31:00');
INSERT INTO `users` (`id`, `firstname`, `lastname`, `email`, `phone`, `created_at`, `updated_at`) VALUES (39, 'Camden', 'Altenwerth', 'franecki.allen@example.net', '048.896.6600', '1998-08-29 10:02:57', '2016-12-25 10:52:17');
INSERT INTO `users` (`id`, `firstname`, `lastname`, `email`, `phone`, `created_at`, `updated_at`) VALUES (40, 'Haskell', 'Huel', 'theodora.cassin@example.com', '+16(9)5414535151', '2011-12-01 20:20:16', '1971-02-28 05:05:56');
INSERT INTO `users` (`id`, `firstname`, `lastname`, `email`, `phone`, `created_at`, `updated_at`) VALUES (41, 'Jedidiah', 'Hoeger', 'kulas.freddie@example.com', '1-175-643-1248', '2004-02-27 10:11:37', '2015-06-19 09:26:49');
INSERT INTO `users` (`id`, `firstname`, `lastname`, `email`, `phone`, `created_at`, `updated_at`) VALUES (42, 'Elnora', 'Ortiz', 'glenda85@example.com', '+71(0)6691617751', '1977-04-04 06:36:17', '1993-06-20 13:58:33');
INSERT INTO `users` (`id`, `firstname`, `lastname`, `email`, `phone`, `created_at`, `updated_at`) VALUES (43, 'Harmon', 'Mertz', 'hermann.mustafa@example.com', '180.173.0817x1724', '1990-10-30 00:08:52', '1993-11-24 02:53:42');
INSERT INTO `users` (`id`, `firstname`, `lastname`, `email`, `phone`, `created_at`, `updated_at`) VALUES (44, 'Abbey', 'Thiel', 'pattie.aufderhar@example.org', '275.137.3919', '1984-10-27 05:40:15', '1986-10-05 14:47:05');
INSERT INTO `users` (`id`, `firstname`, `lastname`, `email`, `phone`, `created_at`, `updated_at`) VALUES (45, 'Madie', 'Jacobs', 'hintz.kenny@example.org', '(547)504-0218x1567', '1981-07-01 05:43:19', '1995-05-30 02:14:42');
INSERT INTO `users` (`id`, `firstname`, `lastname`, `email`, `phone`, `created_at`, `updated_at`) VALUES (46, 'Alice', 'Luettgen', 'monty.friesen@example.org', '500-838-6899x263', '1979-09-22 02:13:49', '1989-12-04 21:16:43');
INSERT INTO `users` (`id`, `firstname`, `lastname`, `email`, `phone`, `created_at`, `updated_at`) VALUES (47, 'Emmanuelle', 'Reinger', 'leonel.grimes@example.net', '+03(3)0749935654', '1971-05-19 03:56:48', '1982-08-28 11:04:59');
INSERT INTO `users` (`id`, `firstname`, `lastname`, `email`, `phone`, `created_at`, `updated_at`) VALUES (48, 'Kathlyn', 'Kreiger', 'keith.klein@example.net', '01469940142', '1975-03-29 13:27:51', '2006-11-07 13:59:03');
INSERT INTO `users` (`id`, `firstname`, `lastname`, `email`, `phone`, `created_at`, `updated_at`) VALUES (49, 'Cory', 'Ortiz', 'mwuckert@example.net', '028.905.5551', '1978-12-08 23:00:07', '2004-09-20 03:23:13');
INSERT INTO `users` (`id`, `firstname`, `lastname`, `email`, `phone`, `created_at`, `updated_at`) VALUES (50, 'Raegan', 'Ortiz', 'snikolaus@example.org', '1-800-488-4988', '1972-03-09 15:07:19', '1992-10-11 22:33:28');
INSERT INTO `users` (`id`, `firstname`, `lastname`, `email`, `phone`, `created_at`, `updated_at`) VALUES (51, 'Garret', 'DuBuque', 'esteban.strosin@example.com', '1-690-545-0470', '1993-06-21 02:06:20', '2014-08-01 21:48:50');
INSERT INTO `users` (`id`, `firstname`, `lastname`, `email`, `phone`, `created_at`, `updated_at`) VALUES (52, 'Cecelia', 'Bashirian', 'justen88@example.net', '044.407.2763x1631', '1971-09-02 09:06:22', '1983-05-03 05:10:02');
INSERT INTO `users` (`id`, `firstname`, `lastname`, `email`, `phone`, `created_at`, `updated_at`) VALUES (53, 'Duncan', 'Connelly', 'jwitting@example.net', '(002)246-1617', '1982-12-18 10:00:27', '2019-04-29 05:16:01');
INSERT INTO `users` (`id`, `firstname`, `lastname`, `email`, `phone`, `created_at`, `updated_at`) VALUES (54, 'Gunnar', 'Runolfsson', 'qstiedemann@example.com', '+62(6)5451736785', '1996-08-07 19:39:06', '2016-12-02 20:41:28');
INSERT INTO `users` (`id`, `firstname`, `lastname`, `email`, `phone`, `created_at`, `updated_at`) VALUES (55, 'Arden', 'Toy', 'sam.vonrueden@example.org', '08043375954', '1983-07-20 12:55:52', '1971-10-02 22:09:28');
INSERT INTO `users` (`id`, `firstname`, `lastname`, `email`, `phone`, `created_at`, `updated_at`) VALUES (56, 'Eunice', 'Wiza', 'alva.predovic@example.net', '(986)884-4539x1673', '1985-11-03 17:58:20', '2014-08-22 12:09:25');
INSERT INTO `users` (`id`, `firstname`, `lastname`, `email`, `phone`, `created_at`, `updated_at`) VALUES (57, 'Adam', 'Rosenbaum', 'kennith40@example.com', '1-759-645-6120x161', '1981-08-06 01:27:23', '1987-03-11 04:29:42');
INSERT INTO `users` (`id`, `firstname`, `lastname`, `email`, `phone`, `created_at`, `updated_at`) VALUES (58, 'Dulce', 'Frami', 'katrina86@example.org', '05086092332', '1976-02-19 12:34:20', '2012-11-03 00:41:49');
INSERT INTO `users` (`id`, `firstname`, `lastname`, `email`, `phone`, `created_at`, `updated_at`) VALUES (59, 'Abigayle', 'Kemmer', 'bret.renner@example.com', '632.336.1743', '1975-08-10 04:32:14', '1972-11-06 00:49:05');
INSERT INTO `users` (`id`, `firstname`, `lastname`, `email`, `phone`, `created_at`, `updated_at`) VALUES (60, 'Bethany', 'Abernathy', 'sunny20@example.net', '(825)114-0635', '1987-08-17 23:01:29', '1996-01-27 17:14:07');
INSERT INTO `users` (`id`, `firstname`, `lastname`, `email`, `phone`, `created_at`, `updated_at`) VALUES (61, 'Robbie', 'Schroeder', 'prosacco.robyn@example.org', '759-045-3181x671', '2002-06-22 08:47:58', '1992-03-07 23:46:02');
INSERT INTO `users` (`id`, `firstname`, `lastname`, `email`, `phone`, `created_at`, `updated_at`) VALUES (62, 'Kristoffer', 'Romaguera', 'kiara.stoltenberg@example.org', '387.785.9279', '2001-10-13 12:35:34', '1974-10-23 03:25:53');
INSERT INTO `users` (`id`, `firstname`, `lastname`, `email`, `phone`, `created_at`, `updated_at`) VALUES (63, 'Kirsten', 'Ziemann', 'moore.brandi@example.com', '1-789-644-0923x3276', '2009-07-13 08:44:29', '1981-07-24 12:52:16');
INSERT INTO `users` (`id`, `firstname`, `lastname`, `email`, `phone`, `created_at`, `updated_at`) VALUES (64, 'Cierra', 'Murray', 'grayson.wyman@example.com', '1-753-101-4602x46843', '1972-12-23 22:49:58', '1975-06-20 07:22:06');
INSERT INTO `users` (`id`, `firstname`, `lastname`, `email`, `phone`, `created_at`, `updated_at`) VALUES (65, 'Earnest', 'Blick', 'leuschke.gunnar@example.net', '+15(3)6726802894', '1997-05-19 19:11:19', '1996-09-03 21:46:05');
INSERT INTO `users` (`id`, `firstname`, `lastname`, `email`, `phone`, `created_at`, `updated_at`) VALUES (66, 'Gonzalo', 'Becker', 'cummings.lucas@example.net', '(271)613-6186x0126', '1999-07-18 02:32:49', '1971-01-18 21:23:44');
INSERT INTO `users` (`id`, `firstname`, `lastname`, `email`, `phone`, `created_at`, `updated_at`) VALUES (67, 'Kaitlin', 'Harris', 'clementine53@example.com', '213.201.4605', '1979-03-30 22:25:19', '1995-06-10 14:43:41');
INSERT INTO `users` (`id`, `firstname`, `lastname`, `email`, `phone`, `created_at`, `updated_at`) VALUES (68, 'Jalen', 'Koch', 'stracke.tania@example.com', '215-248-7368x488', '2016-12-23 00:46:46', '2009-01-22 07:26:28');
INSERT INTO `users` (`id`, `firstname`, `lastname`, `email`, `phone`, `created_at`, `updated_at`) VALUES (69, 'Bryana', 'Weissnat', 'rprice@example.net', '(373)439-7192x729', '1982-11-01 11:07:54', '1979-10-06 21:38:38');
INSERT INTO `users` (`id`, `firstname`, `lastname`, `email`, `phone`, `created_at`, `updated_at`) VALUES (70, 'Shyanne', 'Romaguera', 'jazmin58@example.org', '+22(0)0858057049', '1972-12-17 21:42:16', '2017-07-25 00:55:36');
INSERT INTO `users` (`id`, `firstname`, `lastname`, `email`, `phone`, `created_at`, `updated_at`) VALUES (71, 'Matt', 'Bins', 'levi.kuhn@example.com', '(601)448-7814x5505', '1997-10-22 02:08:30', '2015-04-12 01:23:13');
INSERT INTO `users` (`id`, `firstname`, `lastname`, `email`, `phone`, `created_at`, `updated_at`) VALUES (72, 'Daphney', 'Brakus', 'tbreitenberg@example.org', '884.664.3962x6431', '1977-09-15 17:12:24', '1977-05-01 11:24:55');
INSERT INTO `users` (`id`, `firstname`, `lastname`, `email`, `phone`, `created_at`, `updated_at`) VALUES (73, 'Ian', 'Witting', 'vborer@example.com', '(284)820-5902x754', '1988-02-23 04:55:03', '1993-05-27 04:16:40');
INSERT INTO `users` (`id`, `firstname`, `lastname`, `email`, `phone`, `created_at`, `updated_at`) VALUES (74, 'Brad', 'Bogisich', 'pansy23@example.net', '577-095-7611x4846', '1981-04-10 13:19:50', '1996-05-22 09:04:09');
INSERT INTO `users` (`id`, `firstname`, `lastname`, `email`, `phone`, `created_at`, `updated_at`) VALUES (75, 'Milford', 'Torp', 'hlangworth@example.org', '03328594635', '1976-09-02 06:39:00', '2004-06-20 03:29:18');
INSERT INTO `users` (`id`, `firstname`, `lastname`, `email`, `phone`, `created_at`, `updated_at`) VALUES (76, 'Fernando', 'Gulgowski', 'ashton12@example.org', '1-899-236-3148x57832', '1971-05-23 20:49:36', '2008-01-18 04:02:15');
INSERT INTO `users` (`id`, `firstname`, `lastname`, `email`, `phone`, `created_at`, `updated_at`) VALUES (77, 'Yoshiko', 'Bradtke', 'vincent.bradtke@example.org', '1-954-400-4290', '2006-03-22 08:54:01', '1997-02-02 18:24:39');
INSERT INTO `users` (`id`, `firstname`, `lastname`, `email`, `phone`, `created_at`, `updated_at`) VALUES (78, 'Winfield', 'Larson', 'chase.parker@example.org', '1-165-082-8542', '1971-07-05 09:30:52', '1974-04-05 11:16:47');
INSERT INTO `users` (`id`, `firstname`, `lastname`, `email`, `phone`, `created_at`, `updated_at`) VALUES (79, 'Alexane', 'Ritchie', 'glehner@example.com', '01203148142', '1983-03-29 19:14:37', '1991-01-16 19:55:35');
INSERT INTO `users` (`id`, `firstname`, `lastname`, `email`, `phone`, `created_at`, `updated_at`) VALUES (80, 'Cecelia', 'Kris', 'mcdermott.sandrine@example.com', '366-998-0933x4902', '1979-01-07 05:26:43', '1984-01-06 19:34:43');
INSERT INTO `users` (`id`, `firstname`, `lastname`, `email`, `phone`, `created_at`, `updated_at`) VALUES (81, 'Joshuah', 'Harber', 'jewell.mosciski@example.net', '(444)577-7322x7979', '2003-01-16 16:07:32', '2005-05-07 08:41:55');
INSERT INTO `users` (`id`, `firstname`, `lastname`, `email`, `phone`, `created_at`, `updated_at`) VALUES (82, 'Lexie', 'Simonis', 'mwhite@example.com', '518-723-7622', '1987-02-24 19:57:54', '2018-08-21 03:01:14');
INSERT INTO `users` (`id`, `firstname`, `lastname`, `email`, `phone`, `created_at`, `updated_at`) VALUES (83, 'Shaniya', 'Beatty', 'wunsch.madelyn@example.com', '+10(0)8450271142', '2009-07-27 03:39:11', '1982-06-21 22:15:44');
INSERT INTO `users` (`id`, `firstname`, `lastname`, `email`, `phone`, `created_at`, `updated_at`) VALUES (84, 'Lexi', 'O\'Keefe', 'andrew.runolfsson@example.net', '(974)634-1328', '1970-02-25 11:33:34', '1996-08-15 23:29:01');
INSERT INTO `users` (`id`, `firstname`, `lastname`, `email`, `phone`, `created_at`, `updated_at`) VALUES (85, 'Sandy', 'Lakin', 'vklocko@example.org', '812-926-8069x97696', '1995-06-12 04:03:10', '2018-06-12 07:18:46');
INSERT INTO `users` (`id`, `firstname`, `lastname`, `email`, `phone`, `created_at`, `updated_at`) VALUES (86, 'Kyle', 'Boyle', 'lueilwitz.ivah@example.net', '386.529.9101x452', '1980-10-24 10:47:02', '1995-07-25 22:15:00');
INSERT INTO `users` (`id`, `firstname`, `lastname`, `email`, `phone`, `created_at`, `updated_at`) VALUES (87, 'Mercedes', 'Jenkins', 'conn.oscar@example.org', '+93(9)1108784137', '1981-06-19 02:12:53', '1988-08-05 11:16:36');
INSERT INTO `users` (`id`, `firstname`, `lastname`, `email`, `phone`, `created_at`, `updated_at`) VALUES (88, 'Dustin', 'Nitzsche', 'rbartell@example.net', '200.895.8685x516', '1978-05-05 20:12:21', '2012-02-14 04:35:17');
INSERT INTO `users` (`id`, `firstname`, `lastname`, `email`, `phone`, `created_at`, `updated_at`) VALUES (89, 'Alize', 'Dickinson', 'jolie.feil@example.com', '+34(5)4841483859', '1998-09-02 03:19:55', '1971-05-21 02:26:11');
INSERT INTO `users` (`id`, `firstname`, `lastname`, `email`, `phone`, `created_at`, `updated_at`) VALUES (90, 'Elias', 'Quigley', 'hintz.arjun@example.net', '068-921-6208x824', '2017-11-30 09:55:11', '1989-11-05 15:05:18');
INSERT INTO `users` (`id`, `firstname`, `lastname`, `email`, `phone`, `created_at`, `updated_at`) VALUES (91, 'Madalyn', 'Herzog', 'becker.helene@example.com', '(801)896-7069x84253', '1984-06-28 19:08:11', '2017-10-29 18:36:17');
INSERT INTO `users` (`id`, `firstname`, `lastname`, `email`, `phone`, `created_at`, `updated_at`) VALUES (92, 'Oran', 'Hermiston', 'adrien46@example.net', '576.046.1509x944', '1996-10-25 01:35:58', '2016-07-12 07:04:39');
INSERT INTO `users` (`id`, `firstname`, `lastname`, `email`, `phone`, `created_at`, `updated_at`) VALUES (93, 'Cornelius', 'Glover', 'arielle25@example.net', '07507214639', '1990-05-31 16:27:45', '1975-08-03 22:53:36');
INSERT INTO `users` (`id`, `firstname`, `lastname`, `email`, `phone`, `created_at`, `updated_at`) VALUES (94, 'Giovani', 'Breitenberg', 'rylee50@example.net', '699-339-8393x847', '1994-01-20 19:05:05', '1973-06-10 12:08:40');
INSERT INTO `users` (`id`, `firstname`, `lastname`, `email`, `phone`, `created_at`, `updated_at`) VALUES (95, 'Aric', 'Kirlin', 'adriel.fisher@example.org', '443.208.1445x7095', '2001-10-13 13:26:09', '2005-01-01 23:24:42');
INSERT INTO `users` (`id`, `firstname`, `lastname`, `email`, `phone`, `created_at`, `updated_at`) VALUES (96, 'Winston', 'Stoltenberg', 'edgar.kutch@example.com', '08433784335', '2019-03-03 14:08:30', '1993-11-11 11:00:45');
INSERT INTO `users` (`id`, `firstname`, `lastname`, `email`, `phone`, `created_at`, `updated_at`) VALUES (97, 'Jacynthe', 'Steuber', 'bechtelar.casimer@example.org', '(836)937-9982x2624', '2014-11-24 11:37:50', '2001-07-30 18:47:54');
INSERT INTO `users` (`id`, `firstname`, `lastname`, `email`, `phone`, `created_at`, `updated_at`) VALUES (98, 'Telly', 'West', 'anya07@example.net', '1-164-072-3420x165', '1997-06-15 00:36:36', '1978-04-19 09:53:10');
INSERT INTO `users` (`id`, `firstname`, `lastname`, `email`, `phone`, `created_at`, `updated_at`) VALUES (99, 'Adriel', 'Wisozk', 'garth73@example.net', '1-449-252-7190x29534', '2005-12-01 04:28:08', '2016-07-23 10:02:29');
INSERT INTO `users` (`id`, `firstname`, `lastname`, `email`, `phone`, `created_at`, `updated_at`) VALUES (100, 'Laura', 'Mohr', 'oprosacco@example.org', '002-440-7053x4837', '1999-11-11 23:07:38', '1998-10-02 23:06:23');


